1491895,json
476,json
1003917,json
3859027,json
1880431,json
1353011,json
187606,json
206403,json
454533,json
42139,json
995579,json
218196,json
762073,json
1438393,json
345031,json
283366,json
1338292,json
157247,json
1226894,json
574632,json
541091,json
204701,json
965051,json
35070,json
138475,json
298479,json
2344142,json
250259,json
87015,json
1978142,json
2844319,json
13508,json
215966,json
1039843,json
53114,json
31671,json
251311,json
1230836,json
889949,json
362536,json
1271826,json
772035,json
862594,json
1169798,json
208809,json
741747,json
258674,json
315935,json
1817690,json
1048572,json
358679,json
139459,json
613559,json
400654,json
661872,json
417562,json
1864610,json
697370,json
660694,json
1948292,json
1857053,json
114251,json
696364,json
1059101,json
459897,json
1209443,json
247893,json
1405330,json
2310830,json
1903366,json
519413,json
1902010,json
1458648,json
1299518,json
8815,json
878888,json
949476,json
461813,json
1495125,json
350858,json
879993,json
472375,json
227884,json
353802,json
239567,json
1570534,json
576875,json
914272,json
1015483,json
1002469,json
822711,json
229044,json
1202025,json
1451635,json
47773,json
148870,json
1229023,json
29407,json
707111,json
1407478,json
1959747,json
1686485,json
3236900,json
995876,json
113938,json
1796105,json
1435655,json
18936,json
1301076,json
790846,json
57191,json
732284,json
