476,php
187606,php
1491895,php
548225,php
250259,php
324584,php
208809,php
138475,php
541091,php
1338292,php
50079,php
345031,php
42139,php
1415724,php
1438393,php
251311,php
889949,php
1144035,php
1226894,php
3859027,php
862594,php
4833,php
283366,php
171318,php
20860,php
358679,php
741747,php
127724,php
491243,php
206403,php
362536,php
338665,php
218196,php
851273,php
995579,php
1903366,php
892493,php
142162,php
204701,php
215966,php
2844319,php
294972,php
421223,php
168868,php
3593996,php
298479,php
1570534,php
1959747,php
148870,php
258674,php
61974,php
3933332,php
106224,php
853360,php
1230836,php
280598,php
594509,php
696364,php
238978,php
1317935,php
18393,php
492901,php
623041,php
417562,php
54680,php
1880431,php
113938,php
689579,php
105019,php
4668,php
575376,php
466826,php
1353011,php
376535,php
87015,php
385378,php
70393,php
784588,php
6521,php
35070,php
67332,php
24181,php
825568,php
2637490,php
576875,php
149341,php
772035,php
259778,php
229044,php
398242,php
1920232,php
1503018,php
707111,php
3297613,php
574632,php
247893,php
157957,php
20670,php
598500,php
18936,php
727208,php
1229023,php
697370,php
2812842,php
46675,php
172588,php
830680,php
2153758,php
1428679,php
1864610,php
1978142,php
1427878,php
472495,php
81205,php
459897,php
11354,php
461186,php
22224,php
1592648,php
1518087,php
333074,php
732284,php
1015483,php
1557526,php
1315962,php
569101,php
285578,php
697154,php
461813,php
180136,php
577300,php
1287812,php
198707,php
558021,php
308825,php
114251,php
1515540,php
505722,php
1558322,php
2206004,php
295508,php
26210,php
342740,php
660694,php
157247,php
396458,php
1495125,php
1002469,php
55159,php
477878,php
18771,php
610573,php
965051,php
2344142,php
16417,php
171209,php
398519,php
383478,php
2057919,php
1206267,php
220819,php
135448,php
895378,php
2253331,php
1058140,php
135152,php
717214,php
2269749,php
1769465,php
761202,php
1401975,php
1229260,php
1343690,php
731138,php
1401720,php
1362108,php
625231,php
2518525,php
215384,php
1149495,php
711273,php
673664,php
259457,php
789186,php
3574819,php
1832745,php
1011527,php
994054,php
1207346,php
664108,php
468793,php
283078,php
825789,php
703229,php
451969,php
82769,php
183254,php
1392379,php
1796105,php
1188035,php
461173,php
1741542,php
11995,php
603003,php
1146363,php
3000179,php
29407,php
1542290,php
995876,php
1948627,php
555384,php
2453699,php
165154,php
1164491,php
285873,php
103202,php
2082673,php
131824,php
989121,php
118145,php
1427161,php
41596,php
707795,php
1578604,php
645186,php
337227,php
783119,php
1729885,php
377037,php
890936,php
958642,php
3711988,php
1145086,php
713916,php
1633117,php
200291,php
2513523,php
626273,php
45531,php
427545,php
475125,php
1175966,php
720508,php
330267,php
74311,php
318758,php
683077,php
3942918,php
2167834,php
1047662,php
3444240,php
212107,php
1397379,php
811240,php
1096794,php
3993662,php
1169798,php
508057,php
722783,php
65548,php
13249,php
214577,php
21926,php
321468,php
138383,php
502381,php
863380,php
20938,php
1041663,php
2047249,php
1310929,php
999553,php
2602732,php
124378,php
1078583,php
319403,php
453331,php
471559,php
1477526,php
287583,php
1112089,php
486900,php
276022,php
1191288,php
567864,php
157882,php
68587,php
2765666,php
855532,php
501250,php
1396314,php
1253312,php
300836,php
226006,php
651354,php
822711,php
592213,php
59120,php
1301076,php
21441,php
321785,php
560593,php
141555,php
185544,php
205207,php
875362,php
624884,php
1319787,php
3181248,php
905093,php
3204827,php
471800,php
570812,php
1838763,php
949476,php
1136304,php
998096,php
778719,php
2864275,php
43959,php
2627459,php
1588,php
137650,php
698179,php
3125396,php
92313,php
1726511,php
833073,php
153980,php
2118955,php
599857,php
1283847,php
745188,php
295783,php
6512,php
1407478,php
116614,php
2522554,php
816620,php
757508,php
1233508,php
1652031,php
2352773,php
222908,php
1791606,php
240443,php
927652,php
36305,php
1208233,php
1745573,php
367220,php
428543,php
400654,php
927626,php
84631,php
107415,php
320615,php
1725764,php
844726,php
330987,php
248823,php
3258572,php
243782,php
775443,php
1505169,php
643827,php
1520841,php
1726343,php
612202,php
480943,php
1811501,php
732470,php
2200766,php
759019,php
265712,php
872168,php
2422776,php
139010,php
21062,php
224671,php
911182,php
1518924,php
80425,php
707247,php
268273,php
1612146,php
1178974,php
1443080,php
1087721,php
668758,php
486233,php
73070,php
91914,php
173925,php
52087,php
584192,php
987490,php
166712,php
438971,php
1220835,php
331137,php
107152,php
1681414,php
426671,php
3351765,php
52834,php
315935,php
576420,php
2615209,php
1658631,php
2049063,php
763371,php
691688,php
1332934,php
472084,php
759517,php
123140,php
3501730,php
729759,php
697560,php
690897,php
1880627,php
341251,php
127549,php
26133,php
1114536,php
889678,php
1267140,php
716691,php
914272,php
1908141,php
3518452,php
336905,php
752738,php
39430,php
15099,php
1981996,php
644802,php
3238868,php
479863,php
347063,php
769237,php
365237,php
519413,php
1558311,php
217588,php
381345,php
628267,php
532495,php
182668,php
3110638,php
1215106,php
75699,php
257404,php
615754,php
2966846,php
3678068,php
289985,php
426533,php
770984,php
742496,php
1679045,php
561309,php
251153,php
995958,php
351330,php
434223,php
2903251,php
2313887,php
105662,php
416791,php
1519058,php
61779,php
2911482,php
1446794,php
2261177,php
2444111,php
656769,php
1291428,php
1714,php
1044146,php
87596,php
848164,php
589259,php
1631551,php
759866,php
398060,php
575527,php
3236900,php
801496,php
916144,php
736809,php
1603357,php
2706988,php
2023235,php
46149,php
1613391,php
1238019,php
334913,php
108146,php
290339,php
885872,php
1046010,php
371793,php
163024,php
1122899,php
964243,php
1612290,php
3715435,php
973578,php
155033,php
1204508,php
186636,php
538216,php
1162412,php
870729,php
1347308,php
1023464,php
887728,php
938089,php
2811746,php
350278,php
447489,php
115106,php
1073631,php
4099592,php
1377507,php
22656,php
207082,php
1740809,php
1041948,php
1385896,php
511300,php
133408,php
961455,php
1055200,php
263525,php
555097,php
634286,php
746010,php
2084176,php
327563,php
112079,php
488187,php
1187483,php
120513,php
1239506,php
1237411,php
1435655,php
1090079,php
179125,php
242924,php
113834,php
3908235,php
1049668,php
373712,php
833795,php
1420347,php
458356,php
164439,php
1237595,php
785241,php
601224,php
580587,php
432669,php
4323648,php
693207,php
50476,php
162228,php
2446397,php
4853,php
248756,php
1596547,php
773702,php
2031918,php
1715579,php
568884,php
1567581,php
847195,php
797049,php
281028,php
1210329,php
578588,php
762886,php
41874,php
1583522,php
1607098,php
1661358,php
141172,php
309308,php
22674,php
235354,php
791265,php
3094531,php
10018,php
3885509,php
197368,php
311465,php
613559,php
2000503,php
1280608,php
1292052,php
125816,php
1191247,php
94197,php
280329,php
978917,php
1218997,php
3340665,php
665800,php
559745,php
1466682,php
2708966,php
924299,php
594235,php
604015,php
2882596,php
1329367,php
73772,php
768392,php
736937,php
450449,php
2733506,php
2168947,php
2716927,php
649811,php
114770,php
189179,php
279573,php
3043248,php
1686485,php
1591233,php
67168,php
155175,php
132728,php
1493698,php
312962,php
1195273,php
899126,php
2908724,php
3583182,php
3282633,php
247223,php
600061,php
4175750,php
724063,php
843985,php
2270041,php
1900483,php
426379,php
1300910,php
598424,php
2091410,php
635608,php
616859,php
2225682,php
79061,php
1230763,php
2573622,php
1171529,php
767752,php
264395,php
149998,php
1445160,php
1249581,php
85616,php
4296151,php
383007,php
2555778,php
836646,php
1160754,php
184499,php
265575,php
1179287,php
3565885,php
2800648,php
688411,php
404623,php
387347,php
264628,php
3104359,php
762449,php
1063333,php
6309,php
1001110,php
441250,php
68939,php
2864740,php
1788516,php
1957346,php
2209375,php
383124,php
1384374,php
1712294,php
405015,php
573261,php
1214800,php
2982874,php
3755991,php
23845,php
1557651,php
1779477,php
1645769,php
91130,php
1973299,php
913184,php
266374,php
970721,php
80636,php
1033654,php
1238344,php
128165,php
413670,php
845721,php
449853,php
1562296,php
518204,php
829903,php
1581993,php
69818,php
885119,php
527185,php
192705,php
193376,php
1478372,php
1441894,php
1322642,php
3263885,php
2805795,php
1983854,php
388916,php
2180189,php
865601,php
60950,php
623952,php
26406,php
604041,php
7586,php
3775731,php
1388319,php
939860,php
2743458,php
44853,php
2596503,php
301635,php
1105514,php
248903,php
1271826,php
766120,php
397195,php
1373987,php
169006,php
1456376,php
2061376,php
699632,php
1552160,php
105768,php
786662,php
398670,php
1362777,php
1564365,php
238658,php
95810,php
177646,php
1603711,php
25253,php
2044355,php
634824,php
1357978,php
1412984,php
1172451,php
672452,php
1310701,php
2088135,php
176075,php
1499781,php
1567737,php
1652049,php
259014,php
2151120,php
790695,php
68234,php
11568,php
810901,php
34855,php
653298,php
1207539,php
1221571,php
1845790,php
2314708,php
1109468,php
1400768,php
603256,php
3192276,php
414972,php
173234,php
1563422,php
181151,php
3558931,php
152083,php
144287,php
658210,php
1269513,php
1675789,php
63074,php
876117,php
1733710,php
93988,php
265570,php
1544337,php
363262,php
67781,php
1735751,php
1490904,php
2170192,php
271271,php
180368,php
436976,php
612734,php
2393077,php
144665,php
269211,php
841830,php
731947,php
1878050,php
1783977,php
4364303,php
1628832,php
1361399,php
173942,php
933065,php
372562,php
695343,php
1620194,php
126033,php
580172,php
131874,php
481206,php
784877,php
81108,php
2110496,php
3658660,php
2076809,php
139812,php
4020127,php
1134565,php
1237040,php
77017,php
1383209,php
416630,php
1832058,php
2930152,php
1602850,php
604532,php
974389,php
2626331,php
192024,php
2394511,php
220180,php
1968099,php
3789478,php
1481489,php
108878,php
1078488,php
11654,php
67579,php
385402,php
1979910,php
238814,php
3778613,php
2948749,php
260610,php
930917,php
1945651,php
1037640,php
1194293,php
1114,php
2776508,php
12569,php
39904,php
261188,php
1166880,php
671943,php
23060,php
101130,php
395384,php
1046007,php
55859,php
684965,php
696948,php
2256325,php
359307,php
632375,php
989234,php
1324,php
447356,php
2679536,php
2437590,php
444991,php
1069604,php
1424329,php
3878544,php
1551393,php
1240844,php
953097,php
383847,php
2806497,php
880685,php
222758,php
4043861,php
1771960,php
1440875,php
2149440,php
97513,php
1392533,php
388682,php
258120,php
27528,php
1653910,php
258127,php
2457005,php
1841839,php
367607,php
1028949,php
1438108,php
677099,php
4636,php
1679537,php
1464822,php
551093,php
1487576,php
401025,php
796393,php
393984,php
30433,php
901048,php
510314,php
1041471,php
21886,php
1075027,php
703016,php
210547,php
1060686,php
755900,php
1091195,php
1343222,php
540850,php
615519,php
1743833,php
60783,php
89806,php
1051628,php
253254,php
400998,php
1665,php
1239690,php
245163,php
3345621,php
567986,php
15031,php
572014,php
3410811,php
1331430,php
1606729,php
1619658,php
612804,php
1194545,php
560329,php
1771556,php
973348,php
625151,php
2341938,php
2554061,php
702275,php
1621209,php
385950,php
2334192,php
2662457,php
485589,php
1553081,php
485418,php
350021,php
65732,php
721269,php
1053109,php
1679849,php
109026,php
59461,php
2034539,php
3819761,php
316310,php
1318266,php
1135092,php
1494454,php
505154,php
526741,php
826384,php
3748349,php
1055015,php
1179841,php
2611927,php
164477,php
1363246,php
1748964,php
240239,php
711206,php
417685,php
354577,php
969210,php
1563558,php
212159,php
1795676,php
3134069,php
445330,php
597384,php
2078474,php
942852,php
365752,php
2676399,php
1142378,php
122978,php
371763,php
658474,php
1260260,php
2587724,php
655667,php
1846065,php
268592,php
470877,php
483731,php
292735,php
438117,php
1068539,php
1696795,php
394221,php
246429,php
983992,php
63386,php
558569,php
1846918,php
54017,php
516392,php
2284641,php
217664,php
303270,php
718728,php
1907093,php
1797579,php
2810622,php
619978,php
545328,php
3770448,php
2097290,php
623436,php
2041231,php
1195080,php
1515819,php
166661,php
850848,php
162354,php
558866,php
933231,php
1505979,php
820750,php
74757,php
535666,php
226975,php
2112408,php
241528,php
961526,php
823441,php
1307183,php
240613,php
368406,php
567936,php
782535,php
2869218,php
634419,php
713111,php
82124,php
3155639,php
262980,php
718763,php
53341,php
1855592,php
1204130,php
218725,php
3165879,php
1197896,php
1554034,php
1977413,php
1021147,php
2769603,php
368375,php
2842425,php
172609,php
147937,php
174299,php
658393,php
239567,php
263004,php
381865,php
361684,php
1534649,php
919971,php
3855399,php
374385,php
2930475,php
802117,php
1267304,php
831669,php
245790,php
2257664,php
1165041,php
362730,php
656489,php
1526406,php
317768,php
2788532,php
547144,php
1810810,php
1048157,php
2575541,php
439427,php
1583006,php
2827152,php
145346,php
1213554,php
1067466,php
828584,php
486094,php
1400971,php
442695,php
2155387,php
1541403,php
372643,php
1386551,php
3936800,php
1022921,php
223668,php
222159,php
598420,php
95589,php
276949,php
1055987,php
1466341,php
1423787,php
559913,php
1697320,php
124257,php
1036148,php
617054,php
1611613,php
815386,php
376138,php
1554982,php
630989,php
162671,php
3446241,php
1443358,php
2409586,php
1071684,php
81179,php
1848600,php
1449157,php
1443490,php
1386111,php
1749007,php
1065291,php
414221,php
2152440,php
1867247,php
3834042,php
842935,php
1715759,php
3558960,php
2779152,php
2287470,php
3120967,php
1847340,php
395258,php
771873,php
411141,php
205481,php
1244588,php
1592398,php
4477766,php
671375,php
1928264,php
467546,php
711308,php
2109233,php
1529630,php
2216449,php
1368582,php
1267056,php
251986,php
773228,php
100809,php
607407,php
1130113,php
486979,php
839851,php
1735848,php
583339,php
1253219,php
637889,php
252228,php
419,php
235058,php
3527940,php
858515,php
330280,php
254103,php
1289495,php
489280,php
2653053,php
357801,php
3497351,php
1931641,php
2879327,php
514749,php
3098215,php
3138531,php
255074,php
603319,php
224368,php
4031969,php
3253090,php
450117,php
172322,php
1682509,php
877097,php
430087,php
2045185,php
393541,php
104891,php
389099,php
153394,php
568342,php
247353,php
1442918,php
2270866,php
938516,php
1679863,php
902161,php
91612,php
605093,php
744147,php
1330251,php
753442,php
864336,php
874381,php
1712898,php
1288415,php
1906862,php
172185,php
165737,php
2903341,php
643821,php
276052,php
244058,php
181765,php
1027148,php
1473214,php
794513,php
1089347,php
3303195,php
1668533,php
308097,php
1870210,php
1451635,php
4030437,php
1577260,php
443651,php
1959073,php
2273046,php
291573,php
575872,php
705588,php
221213,php
1253807,php
246051,php
1125465,php
2588746,php
774612,php
1158361,php
770876,php
1835379,php
3477804,php
1132744,php
959019,php
431012,php
520531,php
3150943,php
800639,php
2257060,php
1393862,php
829970,php
1265604,php
4315938,php
2636112,php
85582,php
147634,php
563072,php
36464,php
19244,php
1279732,php
1993501,php
132509,php
852992,php
1317927,php
637552,php
113716,php
2210137,php
27535,php
586859,php
1476529,php
737033,php
827224,php
159319,php
1068283,php
119477,php
1048425,php
465378,php
1832106,php
140816,php
1197550,php
76368,php
213448,php
666096,php
74619,php
40005,php
3287566,php
49146,php
1553481,php
2577454,php
94561,php
198643,php
15004,php
233679,php
774116,php
80353,php
375899,php
439667,php
48523,php
2421009,php
1565512,php
73226,php
661589,php
1628893,php
1468366,php
1710229,php
521505,php
2778929,php
1294549,php
2877923,php
2202537,php
822053,php
1667170,php
1938435,php
413180,php
1101100,php
2226796,php
1097816,php
1128047,php
1726083,php
15785,php
212440,php
1386886,php
23263,php
1587739,php
121971,php
936643,php
2166409,php
682698,php
147437,php
1119263,php
51649,php
850010,php
825444,php
1451957,php
152016,php
4074148,php
135665,php
1102649,php
94559,php
166686,php
2620860,php
636342,php
2794221,php
1039565,php
560276,php
466314,php
949372,php
329692,php
94475,php
532430,php
591114,php
2156684,php
498739,php
2091169,php
219986,php
432057,php
728091,php
151292,php
1180785,php
3227955,php
895169,php
24257,php
1689290,php
2681414,php
1450080,php
1258925,php
3163142,php
704803,php
318071,php
1066240,php
499214,php
962734,php
111777,php
134633,php
1086697,php
853404,php
1192519,php
160950,php
2308473,php
978558,php
491817,php
16959,php
462702,php
1023618,php
1333791,php
1093828,php
1583566,php
100507,php
185335,php
515053,php
1206122,php
1560953,php
756262,php
1013219,php
365977,php
2742805,php
2135973,php
1359923,php
86298,php
1846533,php
3906760,php
2266713,php
310991,php
3029171,php
1043456,php
196750,php
775993,php
1769011,php
1174069,php
938163,php
828841,php
345282,php
2038544,php
2957910,php
586706,php
1621781,php
606907,php
1445460,php
1054213,php
1255724,php
2257413,php
835145,php
743590,php
385997,php
351903,php
1307020,php
793024,php
420282,php
499151,php
880367,php
653867,php
1693208,php
691505,php
1018787,php
83605,php
832122,php
341100,php
688161,php
470383,php
1728882,php
3026193,php
1807643,php
1017868,php
961510,php
2446143,php
753440,php
1620064,php
3163427,php
976596,php
380064,php
117919,php
1806969,php
823527,php
1180620,php
421009,php
992435,php
2185383,php
1220966,php
82511,php
3794472,php
1562088,php
605707,php
1267793,php
1395166,php
1475846,php
645029,php
2009750,php
987016,php
1742415,php
4560292,php
1239701,php
1369235,php
388037,php
1676,php
1496136,php
1001563,php
1690429,php
179216,php
570262,php
1461984,php
3637145,php
228407,php
709626,php
1257954,php
99514,php
1251684,php
903102,php
1031898,php
3849602,php
1938911,php
966652,php
738660,php
50038,php
209566,php
16363,php
1591238,php
337269,php
3016867,php
1438733,php
1615483,php
1058466,php
1063532,php
1072272,php
2167297,php
2496567,php
4292519,php
1132243,php
343382,php
281553,php
4612805,php
715006,php
1816580,php
1210983,php
461712,php
1998047,php
445039,php
2635980,php
4019762,php
1832135,php
1570901,php
186674,php
1695906,php
840973,php
716007,php
2816475,php
120226,php
677472,php
105929,php
1242470,php
651338,php
379756,php
283037,php
379792,php
3190413,php
1608110,php
2258657,php
1636773,php
545925,php
725306,php
1446378,php
671366,php
244575,php
366234,php
697930,php
2454790,php
504299,php
888641,php
194574,php
2665533,php
859640,php
1322435,php
603127,php
413531,php
1830868,php
492335,php
760211,php
356282,php
643591,php
7226,php
81216,php
499472,php
4020703,php
942230,php
3765,php
1455542,php
1342440,php
254973,php
934047,php
913761,php
1608619,php
710377,php
1288418,php
381709,php
1053820,php
1076743,php
1861030,php
2575,php
1212024,php
75170,php
785326,php
94144,php
180551,php
978189,php
2450730,php
789658,php
758345,php
387247,php
423734,php
283608,php
474545,php
339768,php
1578653,php
1108416,php
405481,php
893746,php
1568317,php
440764,php
465971,php
196844,php
1875256,php
987732,php
499756,php
236284,php
867418,php
133811,php
1482443,php
253499,php
1568473,php
405097,php
638505,php
2476345,php
1442003,php
650329,php
238180,php
585105,php
853958,php
761212,php
685447,php
1190992,php
1925303,php
2064173,php
773329,php
1141093,php
11438,php
705529,php
601179,php
1095946,php
777370,php
775041,php
1035173,php
183172,php
3330298,php
219912,php
1343333,php
215042,php
1477407,php
935898,php
525623,php
1219184,php
1684380,php
1197047,php
113632,php
1241619,php
1048676,php
201078,php
9360,php
247433,php
802246,php
2752041,php
1204143,php
3810915,php
741741,php
302,php
17343,php
52443,php
1221902,php
4536840,php
471782,php
2895481,php
344570,php
479499,php
172525,php
1488808,php
925083,php
926235,php
5030,php
1058108,php
241462,php
429949,php
1480820,php
700174,php
100297,php
345717,php
596952,php
950430,php
2197750,php
618347,php
1231505,php
1037511,php
528578,php
2344584,php
1836618,php
1068332,php
871665,php
2688641,php
1138252,php
1292178,php
908579,php
719427,php
1385672,php
418638,php
1666071,php
1580288,php
1333228,php
3442944,php
1339514,php
1658527,php
188096,php
3813825,php
1084754,php
97767,php
1202025,php
927404,php
654678,php
1276341,php
535653,php
966491,php
24433,php
25645,php
3751731,php
392044,php
307310,php
875519,php
782746,php
4209614,php
596068,php
24010,php
913053,php
2021523,php
199047,php
1905949,php
766580,php
1289384,php
507629,php
1238303,php
577423,php
2431997,php
1320555,php
54848,php
1630963,php
1655332,php
866809,php
2057390,php
163849,php
999912,php
638668,php
904344,php
549087,php
1259510,php
3622940,php
3296258,php
264480,php
2889988,php
741981,php
394589,php
383904,php
2177821,php
1522462,php
1134354,php
297408,php
1015656,php
107180,php
1185534,php
10397,php
1524316,php
1431481,php
331508,php
1184544,php
1300235,php
477513,php
259609,php
1431389,php
659417,php
476260,php
755393,php
1333999,php
1086529,php
573222,php
1786264,php
1058154,php
1059273,php
728244,php
1166205,php
1709621,php
940252,php
4097807,php
663949,php
1939031,php
1446609,php
1450763,php
517205,php
1852788,php
1985406,php
1022873,php
1146094,php
598511,php
1130734,php
396318,php
2519358,php
848191,php
2852018,php
2259117,php
2428196,php
3604083,php
600500,php
3187556,php
2794265,php
878875,php
459516,php
4243,php
147012,php
1823841,php
4193263,php
2858314,php
1116354,php
1510277,php
1003780,php
785065,php
762823,php
727473,php
2416853,php
1331671,php
1553379,php
616855,php
423235,php
609630,php
352146,php
3944304,php
2354826,php
4119809,php
2795621,php
943102,php
2619939,php
2018227,php
876126,php
248862,php
755938,php
828705,php
1459009,php
1085343,php
671639,php
621490,php
968312,php
90647,php
1399979,php
1348195,php
1020680,php
880040,php
3119467,php
3872652,php
2383298,php
2625090,php
678708,php
1458569,php
721578,php
14877,php
586,php
738788,php
630708,php
665240,php
2460816,php
1660604,php
1599191,php
1832464,php
3494774,php
59604,php
88311,php
82447,php
358464,php
3758467,php
1560865,php
336827,php
574115,php
218682,php
342473,php
962144,php
1231958,php
503246,php
1191081,php
1224211,php
4167,php
623612,php
236660,php
205169,php
677022,php
1386873,php
540162,php
344304,php
2244383,php
1213525,php
565548,php
3908097,php
1030974,php
3501104,php
550451,php
1324019,php
1143495,php
297641,php
571357,php
726711,php
103386,php
827060,php
779572,php
1620671,php
2666289,php
1221514,php
23199,php
2847024,php
315550,php
2503810,php
249592,php
1595386,php
717643,php
906998,php
1790982,php
124238,php
2633161,php
1250940,php
1483663,php
773625,php
3124309,php
1733556,php
1422370,php
717473,php
590877,php
829493,php
1012381,php
1072255,php
1775531,php
478108,php
687315,php
1243160,php
711852,php
2129897,php
894932,php
1247832,php
219931,php
497356,php
546657,php
1018376,php
1581160,php
1613335,php
2874329,php
686937,php
1129785,php
1676444,php
319066,php
1301851,php
657754,php
446515,php
151504,php
571230,php
2998271,php
3253650,php
1653582,php
1267758,php
7793,php
1502830,php
1919155,php
1420728,php
1009603,php
849711,php
1338846,php
3081018,php
1713079,php
828346,php
2019157,php
534862,php
1185180,php
1065251,php
1033518,php
1211528,php
500584,php
3025537,php
1103964,php
1971902,php
547122,php
7913,php
490321,php
818057,php
785193,php
144813,php
67,php
1882497,php
1919238,php
407456,php
352552,php
1204003,php
322819,php
274375,php
320417,php
1514340,php
1631742,php
527965,php
931358,php
1027936,php
235926,php
477572,php
362520,php
2672265,php
2835455,php
326224,php
456578,php
896567,php
84649,php
760306,php
1972509,php
767598,php
1001831,php
1087866,php
819364,php
461603,php
2522105,php
608772,php
309005,php
865148,php
157359,php
1050382,php
2941651,php
2019197,php
1414473,php
1497533,php
227159,php
1441523,php
2779360,php
1628375,php
1252065,php
394796,php
1050610,php
245,php
1326010,php
331473,php
983065,php
567854,php
265804,php
2039482,php
1110941,php
344517,php
324307,php
106302,php
660410,php
392025,php
1544013,php
2997718,php
80932,php
1458318,php
1320081,php
1180722,php
778421,php
304683,php
471420,php
534755,php
149809,php
2059483,php
377269,php
2101267,php
347180,php
197507,php
138779,php
1293725,php
636472,php
1617149,php
887263,php
1146608,php
592746,php
384638,php
1279270,php
299897,php
712558,php
558605,php
2568341,php
1786,php
57068,php
798170,php
1115471,php
761793,php
150327,php
1130272,php
3351752,php
333832,php
601646,php
1901847,php
3250005,php
2497335,php
588804,php
251885,php
345544,php
86072,php
125871,php
231774,php
250470,php
2067425,php
835805,php
3001496,php
438563,php
2814253,php
1515834,php
4244645,php
1548853,php
479112,php
1329583,php
1649758,php
722112,php
1012550,php
1537128,php
575047,php
627473,php
286934,php
1237812,php
3795381,php
861439,php
2539335,php
494616,php
1564449,php
944301,php
347934,php
859409,php
1636812,php
2314232,php
1369055,php
964616,php
2059741,php
2793019,php
1934903,php
623150,php
451196,php
183791,php
623288,php
250402,php
397707,php
246142,php
451201,php
26428,php
1052788,php
218067,php
1987598,php
528716,php
438615,php
121356,php
2915086,php
135108,php
403290,php
898263,php
125551,php
727439,php
1299659,php
445820,php
669073,php
529673,php
315491,php
1295957,php
1475564,php
1210327,php
980520,php
1857292,php
782727,php
8755,php
329700,php
1280153,php
3137313,php
518587,php
1227840,php
2302383,php
3571802,php
1741553,php
115504,php
69346,php
407802,php
462732,php
326154,php
648494,php
1956010,php
614112,php
1310668,php
2412850,php
398701,php
1341058,php
152963,php
165969,php
1641835,php
568270,php
1789518,php
414414,php
52598,php
123234,php
447191,php
1703946,php
1578503,php
176140,php
573153,php
368288,php
2880184,php
459537,php
1979553,php
353878,php
56830,php
273865,php
1148411,php
296167,php
282902,php
1010911,php
908174,php
738512,php
1152045,php
1480482,php
1285274,php
1358860,php
2369778,php
1942551,php
504533,php
1697755,php
579025,php
753160,php
794000,php
1633783,php
268093,php
3146716,php
1130801,php
137954,php
843318,php
1474255,php
299871,php
2171102,php
2647503,php
796443,php
1802671,php
583916,php
684195,php
341541,php
4294852,php
1733530,php
400547,php
415628,php
58107,php
799076,php
892920,php
3052486,php
1471938,php
91,php
1000753,php
801706,php
2193252,php
809307,php
46594,php
388702,php
646887,php
164113,php
1684058,php
1195517,php
3389375,php
115145,php
962674,php
36723,php
483084,php
2826985,php
36862,php
1888409,php
204610,php
1504786,php
948747,php
849004,php
1134541,php
860635,php
363815,php
669001,php
775078,php
1341506,php
3389737,php
351229,php
3293843,php
775007,php
293352,php
2719186,php
476884,php
1382779,php
786814,php
322269,php
704015,php
1775010,php
66688,php
842075,php
2263949,php
3713667,php
379580,php
1380918,php
1116862,php
614208,php
550,php
495876,php
2055887,php
3537650,php
2915,php
42456,php
1737909,php
1242317,php
2013019,php
743379,php
194732,php
124745,php
2623229,php
1681624,php
1543737,php
1307860,php
1688309,php
581204,php
1047823,php
996001,php
1387346,php
2095131,php
1105871,php
1126369,php
1276136,php
62923,php
2747260,php
1311593,php
916657,php
29,php
230354,php
19411,php
576223,php
1564987,php
1285360,php
1875124,php
2588368,php
823132,php
3182500,php
951773,php
1194917,php
1968395,php
1215745,php
597633,php
208066,php
2300724,php
1210059,php
1883586,php
944635,php
310139,php
255260,php
888688,php
609099,php
2764959,php
1941156,php
257786,php
2352832,php
644504,php
761312,php
605960,php
808921,php
548862,php
4236136,php
248810,php
930393,php
2005939,php
1860929,php
3093319,php
1106908,php
1947677,php
853389,php
4429070,php
338128,php
1317740,php
702761,php
253564,php
220138,php
218828,php
839554,php
655714,php
679601,php
597389,php
241022,php
1116177,php
729375,php
363078,php
123109,php
602554,php
121861,php
3012290,php
1370485,php
143589,php
409533,php
444215,php
1230908,php
830197,php
2253177,php
285594,php
304438,php
1349518,php
592495,php
396223,php
960389,php
1570711,php
2539605,php
1190904,php
1602476,php
1077485,php
1336310,php
742797,php
1525495,php
864528,php
2116304,php
2062925,php
242520,php
1352026,php
8338,php
1406113,php
1946395,php
917077,php
112870,php
578156,php
73987,php
3093142,php
1161463,php
5454,php
1087847,php
2489860,php
160386,php
2061789,php
565323,php
1130930,php
716373,php
1612605,php
1533609,php
904428,php
1182021,php
379907,php
29995,php
744588,php
645436,php
457268,php
185799,php
373496,php
45773,php
408519,php
322427,php
1314503,php
90155,php
790535,php
880276,php
624673,php
309311,php
1443746,php
119634,php
632981,php
105641,php
3399110,php
576190,php
27620,php
1871003,php
464587,php
85815,php
531099,php
1240099,php
2604543,php
4600065,php
1514990,php
2571692,php
479840,php
154855,php
313115,php
2173397,php
1426065,php
2938489,php
1294237,php
711170,php
640727,php
2019265,php
3893615,php
1173600,php
1064584,php
1188701,php
1503994,php
1474519,php
2829280,php
459535,php
1639908,php
733798,php
164552,php
108359,php
441346,php
243995,php
572670,php
2083292,php
2037934,php
1269091,php
397719,php
5083,php
677066,php
948773,php
680925,php
150690,php
33732,php
201952,php
238704,php
1748918,php
1401510,php
1406230,php
4103852,php
413225,php
475624,php
2183232,php
1063947,php
2444027,php
2077046,php
497883,php
324978,php
498717,php
1437486,php
501810,php
1293976,php
1054946,php
633239,php
1430632,php
1236417,php
235002,php
199700,php
1199612,php
1266631,php
2619810,php
1184387,php
2568323,php
201654,php
191594,php
1611108,php
895279,php
33212,php
2508830,php
1560210,php
997208,php
1961666,php
1021574,php
672504,php
2661301,php
274154,php
1033814,php
167781,php
182768,php
1121521,php
1058246,php
1957251,php
575582,php
1513942,php
2508616,php
1453461,php
1192916,php
986924,php
2505302,php
1406096,php
2662355,php
579148,php
2138791,php
3098584,php
428980,php
178296,php
83108,php
2329487,php
1901857,php
2959795,php
3353500,php
970057,php
561690,php
1050303,php
1777480,php
3957444,php
1003020,php
2789327,php
3971911,php
131664,php
3097413,php
327744,php
908210,php
914120,php
1915046,php
344951,php
1760836,php
190597,php
602653,php
1248638,php
2169572,php
1960455,php
2565512,php
1263145,php
474189,php
2853824,php
2066155,php
3388723,php
1459873,php
3346496,php
2458149,php
2658050,php
1805328,php
2406389,php
170494,php
552669,php
1459287,php
1788500,php
3258600,php
169153,php
1654121,php
235017,php
626935,php
1722719,php
590278,php
1053999,php
2016306,php
1247568,php
775586,php
392793,php
828095,php
355005,php
914,php
935952,php
1134726,php
2103434,php
698661,php
979337,php
276344,php
3942121,php
1431096,php
506937,php
500805,php
684368,php
4004032,php
481962,php
1345237,php
1832418,php
503148,php
1358623,php
403390,php
283991,php
1136443,php
1656568,php
85134,php
491946,php
563970,php
492325,php
735307,php
750537,php
4088177,php
2287557,php
741730,php
1782898,php
59907,php
3889449,php
2554537,php
98657,php
1851186,php
4278001,php
452133,php
1625955,php
1791532,php
143327,php
947390,php
2694511,php
921110,php
474693,php
2054555,php
543487,php
2139766,php
1413321,php
313758,php
2479028,php
1102215,php
1716842,php
135138,php
126998,php
2842434,php
290213,php
340088,php
2419183,php
2032751,php
897360,php
1073170,php
165055,php
378439,php
1858369,php
208757,php
2950969,php
2073114,php
196121,php
954389,php
3581423,php
975816,php
1151929,php
55732,php
1939584,php
418178,php
4192162,php
1223511,php
290085,php
486478,php
146587,php
26535,php
2900805,php
379105,php
910931,php
242076,php
2981256,php
225,php
390362,php
2506686,php
4131034,php
1503886,php
1166965,php
3361094,php
1300592,php
813957,php
546833,php
104235,php
3764814,php
1391851,php
1268526,php
3739658,php
1445896,php
2656392,php
699082,php
845632,php
1714759,php
1174750,php
1508671,php
1878731,php
1188166,php
1549550,php
506695,php
1168788,php
813192,php
2575993,php
867760,php
185916,php
1018646,php
369874,php
3179199,php
3180129,php
1083422,php
550042,php
1081228,php
1015609,php
1278476,php
1148648,php
1486118,php
1923139,php
788134,php
3802273,php
356550,php
260035,php
483779,php
407650,php
298233,php
303363,php
1420197,php
2804247,php
779527,php
951744,php
321597,php
394348,php
3132781,php
689911,php
1030675,php
1545904,php
3106753,php
871132,php
314722,php
3414992,php
312586,php
202895,php
3867918,php
1243382,php
1699622,php
1948757,php
848941,php
1598462,php
1076613,php
3511578,php
710150,php
502741,php
418556,php
727225,php
1180686,php
447429,php
2948765,php
1507998,php
3017499,php
2640017,php
1312094,php
1931097,php
137080,php
1078009,php
758177,php
660961,php
1935933,php
1749630,php
384052,php
3113342,php
2211877,php
2535126,php
663368,php
313628,php
1782636,php
786597,php
3836991,php
2988569,php
2681021,php
784159,php
2888600,php
934739,php
270209,php
1980659,php
891318,php
3675899,php
390977,php
1008103,php
1073772,php
1631871,php
2355083,php
725163,php
2422977,php
88732,php
618349,php
1664266,php
95176,php
1010916,php
916492,php
1813853,php
1059001,php
1760955,php
1690821,php
2579421,php
480033,php
84128,php
2714730,php
122800,php
2428968,php
1493858,php
329200,php
4067211,php
1343353,php
812436,php
288564,php
2527433,php
520114,php
2046306,php
2030468,php
2300597,php
1324134,php
400286,php
152099,php
772385,php
1408889,php
370321,php
3214245,php
1171172,php
1683425,php
310446,php
564721,php
839323,php
1114486,php
796736,php
242043,php
3899623,php
1507210,php
1581985,php
736910,php
210409,php
254279,php
3688648,php
2189519,php
1627227,php
1534020,php
77850,php
1127025,php
355944,php
2084808,php
1059219,php
1960599,php
1359855,php
2159753,php
1203765,php
1015722,php
1405208,php
1793639,php
1223754,php
4238918,php
2613072,php
2333214,php
1813625,php
790330,php
1493332,php
6844,php
788324,php
1112616,php
2677083,php
398939,php
448393,php
1402189,php
999724,php
2915862,php
1346039,php
3327441,php
3469391,php
1982142,php
2558778,php
1376624,php
1269893,php
586085,php
1259367,php
863760,php
569063,php
2141839,php
3597438,php
4476093,php
45433,php
1788411,php
1192486,php
1391074,php
1009563,php
933963,php
378170,php
1228343,php
82294,php
878412,php
508370,php
85371,php
1992269,php
3212940,php
2966210,php
530808,php
2246674,php
653856,php
2821944,php
1248,php
972647,php
8992,php
62525,php
1754827,php
1017550,php
1608667,php
1227982,php
2550220,php
851990,php
1045937,php
31791,php
486620,php
2408594,php
208367,php
1067051,php
504500,php
227536,php
179450,php
598726,php
513769,php
2136840,php
6305,php
328501,php
217076,php
3238482,php
550605,php
873836,php
2472293,php
2982437,php
1973692,php
614249,php
795335,php
1558513,php
1363015,php
241232,php
439750,php
2475275,php
516165,php
1025234,php
108311,php
122629,php
374262,php
135172,php
1269732,php
1862009,php
1282120,php
3072335,php
2647506,php
3395144,php
1656977,php
1988185,php
2088849,php
3492835,php
126014,php
151841,php
4114033,php
772653,php
437768,php
605863,php
2080781,php
1487872,php
1419007,php
3772813,php
1943932,php
445312,php
2820111,php
1165637,php
15862,php
2805519,php
361762,php
570006,php
862410,php
1275065,php
1353677,php
590848,php
3411338,php
2854372,php
2177755,php
572784,php
1110341,php
403952,php
520779,php
888821,php
1306401,php
26196,php
4546269,php
1744932,php
65990,php
440252,php
2627233,php
3739498,php
1025458,php
1290196,php
2878281,php
178110,php
1149919,php
1461038,php
959664,php
2402976,php
333255,php
2464634,php
1200185,php
259237,php
54949,php
951607,php
102182,php
41071,php
798468,php
1441384,php
1782562,php
4160900,php
2333476,php
820520,php
1591669,php
2448139,php
974380,php
1074998,php
657163,php
1051410,php
338473,php
237746,php
242940,php
890138,php
3391841,php
1965650,php
225589,php
771837,php
400372,php
2599892,php
381036,php
1365324,php
111065,php
1904845,php
1060679,php
1766816,php
80840,php
3020044,php
1562299,php
1907893,php
979328,php
631974,php
128977,php
2452708,php
1660478,php
1927340,php
140176,php
80714,php
802469,php
2459026,php
3874072,php
386178,php
2979715,php
841146,php
1102014,php
588079,php
266384,php
2808195,php
131368,php
665163,php
682907,php
1027198,php
65863,php
223704,php
524621,php
1855577,php
860947,php
1483871,php
1979651,php
4068963,php
610853,php
3625883,php
1138559,php
298455,php
145534,php
485241,php
3603869,php
2663078,php
1281433,php
273266,php
1208461,php
1566575,php
509548,php
1266906,php
281488,php
1007680,php
1130798,php
1822537,php
489057,php
493702,php
491785,php
148496,php
1477421,php
1013493,php
497,php
3535256,php
33727,php
478460,php
746383,php
1711232,php
1222951,php
1018804,php
482864,php
1451599,php
590761,php
1741861,php
519383,php
382536,php
3656419,php
1023812,php
172068,php
481584,php
810821,php
1206613,php
2115381,php
240363,php
2601485,php
1690765,php
331503,php
4066269,php
209742,php
400437,php
473637,php
726361,php
775849,php
988246,php
1652951,php
986297,php
2494154,php
396472,php
3933096,php
402706,php
1099093,php
3016153,php
1766828,php
276152,php
1709587,php
1407675,php
1236048,php
527577,php
1052406,php
634815,php
1278673,php
2274212,php
580167,php
2854399,php
2056757,php
479170,php
2397004,php
1326843,php
2551894,php
234365,php
1919959,php
7828,php
1110383,php
1446087,php
1905369,php
3006544,php
368307,php
452574,php
612266,php
800442,php
18893,php
967451,php
181776,php
484290,php
1547101,php
334037,php
2852727,php
291406,php
616728,php
3013861,php
2286243,php
104349,php
1236044,php
148146,php
909506,php
1186172,php
1289283,php
980649,php
1727159,php
1249477,php
340494,php
1106925,php
368346,php
1643303,php
2842568,php
2651073,php
22364,php
3906,php
172637,php
157503,php
1239966,php
801506,php
1108442,php
465004,php
1262923,php
3967231,php
1191373,php
912720,php
763770,php
23897,php
1420772,php
3997613,php
485844,php
732771,php
314488,php
467760,php
385264,php
3112803,php
3191181,php
912328,php
2548,php
1852815,php
939510,php
1950929,php
899344,php
16445,php
227699,php
1913389,php
2131211,php
71830,php
2062384,php
1001034,php
2614506,php
1065702,php
2111178,php
964076,php
2530670,php
836086,php
94237,php
797620,php
3331146,php
940313,php
1439823,php
2195518,php
82118,php
481544,php
574825,php
2609094,php
1054005,php
211422,php
812837,php
161278,php
303309,php
2079781,php
227711,php
1679011,php
2379300,php
1305562,php
1402826,php
172029,php
422765,php
12895,php
581851,php
754705,php
2389310,php
886887,php
977464,php
2528301,php
1336653,php
1091466,php
427837,php
1498339,php
95901,php
2324004,php
954672,php
795876,php
1467115,php
1250873,php
2694093,php
1696560,php
2355163,php
519575,php
3541514,php
122835,php
2822895,php
380592,php
3863386,php
61305,php
1076143,php
736541,php
736558,php
1391499,php
149390,php
1649987,php
2394254,php
2504447,php
245860,php
175562,php
457782,php
401115,php
265277,php
848102,php
2942,php
786883,php
1631379,php
1266710,php
305357,php
735398,php
3389273,php
128141,php
1799322,php
15872,php
1095883,php
1096470,php
516558,php
1046013,php
363701,php
803925,php
1731981,php
363688,php
414064,php
2742481,php
74496,php
1843511,php
425680,php
766548,php
1418743,php
3627607,php
1368218,php
832363,php
430989,php
1881082,php
975592,php
1223532,php
683395,php
1108154,php
493680,php
3177376,php
445142,php
3083093,php
2853746,php
237211,php
941158,php
668686,php
988536,php
153049,php
454012,php
33708,php
1180822,php
3613282,php
66516,php
1061871,php
821334,php
612229,php
498226,php
1215133,php
1399636,php
806221,php
1514455,php
1884961,php
1040294,php
1699928,php
1661754,php
148059,php
696788,php
711336,php
965912,php
3433918,php
1860591,php
1228293,php
762936,php
979396,php
384554,php
411632,php
4156379,php
604198,php
1399522,php
4517838,php
729077,php
1084184,php
1904979,php
1727046,php
99877,php
1026880,php
409005,php
249001,php
159475,php
1071630,php
2832716,php
665199,php
174634,php
1586880,php
178854,php
3104008,php
511781,php
2006004,php
166740,php
506522,php
1101480,php
1081753,php
128662,php
3454486,php
1376691,php
2673842,php
2032064,php
3146193,php
1393856,php
357795,php
1338,php
1085050,php
1117720,php
1231563,php
683728,php
3053203,php
616425,php
601455,php
2517733,php
3803800,php
1461004,php
324670,php
1897495,php
2904829,php
43790,php
879599,php
1744743,php
978390,php
1135971,php
511501,php
348087,php
3799429,php
631295,php
2661482,php
734742,php
2099704,php
692663,php
4086503,php
706363,php
866930,php
1162045,php
229208,php
423330,php
471899,php
798178,php
1923625,php
1798658,php
427758,php
2519566,php
4532411,php
2525699,php
611232,php
461873,php
4242709,php
7585,php
1669279,php
710480,php
1646159,php
512618,php
3721641,php
955858,php
632133,php
1645181,php
2630704,php
196713,php
438631,php
204750,php
426227,php
1491475,php
24998,php
3202612,php
396716,php
246616,php
226834,php
11845,php
433327,php
3630716,php
475726,php
3341663,php
451093,php
3507161,php
400222,php
636329,php
1397220,php
1587355,php
424844,php
543575,php
484666,php
135133,php
197431,php
2598284,php
1070957,php
7552,php
3145741,php
4291102,php
592139,php
2169020,php
1223907,php
167980,php
2280630,php
197134,php
199288,php
13005,php
227577,php
4466221,php
585756,php
711785,php
1245415,php
222245,php
3113384,php
423880,php
1238846,php
27355,php
612987,php
20043,php
1214934,php
898289,php
1339966,php
1305169,php
136796,php
1869672,php
712612,php
411685,php
190205,php
2094178,php
471607,php
2307125,php
698082,php
2362433,php
3110919,php
170224,php
508817,php
1099045,php
1078487,php
270041,php
1179272,php
640584,php
1143732,php
3573772,php
512605,php
2599136,php
4279,php
3725649,php
105264,php
1847459,php
2766550,php
76564,php
723769,php
658740,php
422184,php
1571782,php
869458,php
472501,php
891691,php
4311956,php
2605793,php
361030,php
549755,php
2031693,php
277519,php
2689155,php
935361,php
1344637,php
212595,php
882670,php
391299,php
4010665,php
1394120,php
260990,php
1338280,php
11011,php
471795,php
167935,php
364082,php
1046041,php
351900,php
1029453,php
3748572,php
302002,php
1084163,php
21945,php
864393,php
913495,php
1798394,php
1920161,php
2685292,php
386770,php
675129,php
805681,php
146792,php
23249,php
452233,php
2073994,php
1946999,php
1331134,php
338403,php
1019460,php
407526,php
1484919,php
1557825,php
793770,php
82865,php
168562,php
1058733,php
75505,php
128761,php
800662,php
1185577,php
480527,php
734310,php
1920044,php
2026139,php
1851109,php
275944,php
1113657,php
4714,php
927443,php
1020154,php
59087,php
504357,php
564116,php
1034838,php
18856,php
1998136,php
