22656,5380,3986,0.5744181080503951
157882,4117,2512,0.621058983255393
571407,3540,3496,0.503126776577601
992484,3410,3578,0.48797939324556383
522444,2436,2660,0.47802197802197804
438154,2034,1548,0.5678391959798995
203907,1893,2562,0.4249158249158249
871026,1472,1723,0.46071987480438187
70604,1367,1362,0.5009160864785636
276052,1240,1153,0.518178019222733
335858,1201,1106,0.5205895101863892
829571,1172,1310,0.47219983883964545
383861,1150,869,0.5695889053987122
21234,1128,1040,0.5202952029520295
1707091,1094,1273,0.46218842416561046
1679863,1069,943,0.5313121272365805
115145,1036,706,0.5947187141216992
103154,1016,564,0.6430379746835443
605744,946,838,0.5302690582959642
1221571,922,1307,0.4136384028712427
2587435,915,920,0.4986376021798365
1065197,803,777,0.5082278481012659
869736,757,866,0.46642020948860136
40342,743,849,0.4667085427135678
1393766,672,824,0.44919786096256686
179850,656,576,0.5324675324675324
573032,623,805,0.4362745098039216
1093528,597,889,0.40174966352624497
157247,562,593,0.48658008658008656
3474,546,742,0.42391304347826086
680925,535,519,0.5075901328273245
2670892,518,344,0.6009280742459396
552759,480,672,0.4166666666666667
304,470,657,0.417036379769299
1357341,466,550,0.45866141732283466
592139,466,414,0.5295454545454545
276101,462,574,0.44594594594594594
928711,461,473,0.493576017130621
653856,434,357,0.5486725663716814
2711488,419,422,0.4982164090368609
6309,412,472,0.4660633484162896
1449199,396,172,0.6971830985915493
228171,385,449,0.4616306954436451
1343161,383,382,0.5006535947712418
2189127,382,173,0.6882882882882883
1155209,374,214,0.6360544217687075
139010,374,485,0.43538998835855647
302916,367,491,0.42773892773892774
474189,361,416,0.4646074646074646
318758,360,417,0.46332046332046334
280244,360,531,0.40404040404040403
659804,359,489,0.4233490566037736
265143,359,496,0.4198830409356725
839646,355,495,0.4176470588235294
203657,353,362,0.4937062937062937
1587046,332,369,0.47360912981455067
521799,326,326,0.5
61974,320,299,0.5169628432956381
248432,319,420,0.4316644113667118
2071828,318,431,0.42456608811748997
3182664,316,286,0.5249169435215947
50476,314,173,0.6447638603696099
101361,312,304,0.5064935064935064
3916,307,342,0.47303543913713403
1202025,304,263,0.5361552028218695
18393,302,414,0.42178770949720673
331052,301,312,0.4910277324632953
589259,290,423,0.4067321178120617
131368,285,195,0.59375
616460,284,328,0.46405228758169936
1749753,276,360,0.4339622641509434
1064245,270,263,0.5065666041275797
1133011,268,237,0.5306930693069307
501696,265,319,0.4537671232876712
116472,264,197,0.5726681127982647
129570,263,360,0.42215088282504015
13792,262,365,0.4178628389154705
697449,261,264,0.49714285714285716
1795530,259,170,0.6037296037296037
2891664,246,255,0.49101796407185627
1622493,241,136,0.6392572944297082
2598,240,331,0.4203152364273205
2696260,238,141,0.6279683377308707
1048330,236,217,0.5209713024282561
1025118,231,339,0.4052631578947368
978917,229,220,0.5100222717149221
1705598,227,310,0.4227188081936685
1380752,224,173,0.5642317380352645
271357,224,213,0.5125858123569794
192444,220,265,0.4536082474226804
330315,219,259,0.4581589958158996
372643,217,206,0.5130023640661938
466862,210,295,0.4158415841584158
501557,208,196,0.5148514851485149
13531,206,290,0.4153225806451613
758280,205,295,0.41
204788,205,210,0.4939759036144578
13,196,245,0.4444444444444444
1711796,196,235,0.4547563805104408
1267661,192,101,0.6552901023890785
2415194,191,261,0.4225663716814159
104891,187,86,0.684981684981685
2894369,186,218,0.4603960396039604
3297613,185,184,0.5013550135501355
685641,185,194,0.48812664907651715
653230,184,253,0.42105263157894735
1836,184,226,0.44878048780487806
20670,183,160,0.5335276967930029
964243,182,226,0.44607843137254904
1240763,181,123,0.5953947368421053
4125191,173,213,0.4481865284974093
118846,172,129,0.5714285714285714
1057230,172,253,0.4047058823529412
1654265,169,247,0.40625
821657,169,172,0.49560117302052786
84889,167,114,0.594306049822064
106104,162,197,0.45125348189415043
1628375,162,135,0.5454545454545454
69258,158,211,0.4281842818428184
2504224,157,164,0.48909657320872274
406429,157,129,0.548951048951049
893,156,206,0.430939226519337
6509,155,133,0.5381944444444444
1066240,154,124,0.5539568345323741
262022,152,164,0.4810126582278481
1143825,151,185,0.4494047619047619
142446,149,155,0.4901315789473684
17172,147,203,0.42
995891,146,149,0.49491525423728816
1426891,146,121,0.5468164794007491
139595,145,203,0.4166666666666667
3933089,144,203,0.414985590778098
493939,144,37,0.7955801104972375
974186,141,203,0.40988372093023256
12030,140,146,0.48951048951048953
1729265,138,74,0.6509433962264151
2756547,138,108,0.5609756097560976
1831987,138,158,0.46621621621621623
1001027,137,184,0.42679127725856697
449856,136,158,0.46258503401360546
217862,135,180,0.42857142857142855
577423,135,196,0.4078549848942598
936832,135,169,0.4440789473684211
1850609,134,86,0.6090909090909091
1054140,133,69,0.6584158415841584
1441122,132,131,0.5019011406844106
1074097,132,109,0.5477178423236515
140816,132,145,0.47653429602888087
682495,129,52,0.712707182320442
981744,129,141,0.4777777777777778
126769,128,179,0.4169381107491857
21441,127,145,0.46691176470588236
20634,127,106,0.5450643776824035
202694,127,143,0.4703703703703704
1815485,126,21,0.8571428571428571
4074715,124,159,0.4381625441696113
73070,124,164,0.4305555555555556
1993366,124,165,0.4290657439446367
3558960,123,98,0.5565610859728507
1759845,122,147,0.45353159851301117
185322,121,157,0.4352517985611511
851811,120,145,0.4528301886792453
68587,118,128,0.4796747967479675
1130930,118,159,0.4259927797833935
1816356,118,64,0.6483516483516484
775715,116,116,0.5
1428606,116,122,0.48739495798319327
1622894,116,126,0.4793388429752066
635608,115,107,0.5180180180180181
216021,114,155,0.42379182156133827
1237575,112,136,0.45161290322580644
1400768,112,154,0.42105263157894735
382763,111,157,0.4141791044776119
474283,111,158,0.41263940520446096
1259109,111,97,0.5336538461538461
1700321,111,95,0.5388349514563107
960524,110,91,0.5472636815920398
895215,110,139,0.44176706827309237
646634,109,149,0.42248062015503873
365237,109,146,0.42745098039215684
306030,109,127,0.461864406779661
1273080,109,118,0.4801762114537445
2491410,109,143,0.43253968253968256
2783244,108,72,0.6
472792,108,153,0.41379310344827586
291741,108,89,0.5482233502538071
507519,108,143,0.4302788844621514
1082681,108,122,0.46956521739130436
1468366,107,105,0.5047169811320755
335638,107,86,0.5544041450777202
1892802,106,153,0.4092664092664093
555576,106,141,0.4291497975708502
48503,105,84,0.5555555555555556
11654,105,93,0.5303030303030303
1033896,104,133,0.4388185654008439
851273,104,154,0.40310077519379844
1212960,104,66,0.611764705882353
504956,103,101,0.5049019607843137
1818045,102,105,0.4927536231884058
1279787,101,63,0.6158536585365854
289396,101,102,0.4975369458128079
3580294,100,136,0.423728813559322
39622,99,132,0.42857142857142855
1611055,97,116,0.45539906103286387
1147529,97,115,0.45754716981132076
412763,96,77,0.5549132947976878
1759128,96,83,0.5363128491620112
575421,96,112,0.46153846153846156
1281433,96,67,0.588957055214724
2144390,96,89,0.518918918918919
591495,95,99,0.4896907216494845
496099,95,108,0.46798029556650245
318921,94,108,0.46534653465346537
51591,94,85,0.5251396648044693
844882,94,108,0.46534653465346537
609251,94,127,0.4253393665158371
1361506,93,106,0.46733668341708545
492694,93,70,0.5705521472392638
2471439,93,85,0.5224719101123596
387927,93,46,0.6690647482014388
471607,93,102,0.47692307692307695
1069068,92,117,0.44019138755980863
2598988,92,135,0.4052863436123348
127359,92,82,0.5287356321839081
1108032,91,80,0.5321637426900585
43786,91,133,0.40625
620338,91,68,0.5723270440251572
3249477,91,94,0.4918918918918919
150978,90,134,0.4017857142857143
18122,89,73,0.5493827160493827
1438733,89,35,0.717741935483871
17175,88,113,0.43781094527363185
654801,87,100,0.46524064171123
488241,87,71,0.5506329113924051
373861,87,99,0.46774193548387094
244296,87,52,0.6258992805755396
82788,86,56,0.6056338028169014
642340,86,106,0.4479166666666667
471070,85,99,0.46195652173913043
370305,85,78,0.5214723926380368
321697,84,77,0.5217391304347826
1331415,84,105,0.4444444444444444
2095090,83,121,0.4068627450980392
23354,83,73,0.532051282051282
477878,83,102,0.4486486486486487
750987,83,72,0.535483870967742
756809,82,75,0.5222929936305732
1988693,82,110,0.4270833333333333
617373,82,58,0.5857142857142857
398670,81,93,0.46551724137931033
2326914,80,103,0.4371584699453552
540873,80,85,0.48484848484848486
2327745,80,117,0.40609137055837563
3171,79,93,0.45930232558139533
1344008,79,80,0.4968553459119497
1464763,79,73,0.5197368421052632
120955,79,84,0.48466257668711654
834362,79,97,0.44886363636363635
860630,79,39,0.6694915254237288
1305501,79,55,0.5895522388059702
36305,78,87,0.4727272727272727
987339,78,104,0.42857142857142855
3537858,78,47,0.624
728812,78,97,0.44571428571428573
643141,77,93,0.45294117647058824
1299005,77,95,0.4476744186046512
1945631,77,44,0.6363636363636364
1657364,77,72,0.5167785234899329
1011995,77,63,0.55
2227526,77,55,0.5833333333333334
1570523,77,107,0.41847826086956524
36611,77,64,0.5460992907801419
606679,76,51,0.5984251968503937
114251,76,108,0.41304347826086957
865403,76,60,0.5588235294117647
793522,76,55,0.5801526717557252
1291150,76,27,0.7378640776699029
242930,76,79,0.49032258064516127
1018611,76,87,0.4662576687116564
2991525,76,83,0.4779874213836478
1180966,75,100,0.42857142857142855
75126,75,104,0.41899441340782123
247533,75,68,0.5244755244755245
241990,75,55,0.5769230769230769
1740554,75,69,0.5208333333333334
9204,75,99,0.43103448275862066
426412,74,110,0.40217391304347827
1324709,74,100,0.42528735632183906
116791,74,67,0.524822695035461
139506,74,78,0.4868421052631579
339637,74,79,0.48366013071895425
688653,73,100,0.42196531791907516
252552,73,77,0.4866666666666667
280410,73,73,0.5
260633,73,106,0.40782122905027934
3956070,73,37,0.6636363636363637
2206004,73,75,0.49324324324324326
240646,72,90,0.4444444444444444
29995,72,72,0.5
1306419,72,66,0.5217391304347826
717341,72,85,0.4585987261146497
672586,72,93,0.43636363636363634
131929,72,88,0.45
1639625,72,71,0.5034965034965035
3448419,72,58,0.5538461538461539
500916,71,100,0.4152046783625731
1820501,71,96,0.4251497005988024
1384984,71,85,0.4551282051282051
633239,71,30,0.7029702970297029
3701228,71,95,0.42771084337349397
1446916,70,99,0.41420118343195267
2312796,70,90,0.4375
450398,69,103,0.4011627906976744
639520,69,95,0.42073170731707316
69875,69,68,0.5036496350364964
626273,69,71,0.4928571428571429
381345,68,79,0.46258503401360546
3498062,68,45,0.6017699115044248
1676363,68,43,0.6126126126126126
507546,68,101,0.40236686390532544
155392,68,91,0.4276729559748428
1727092,68,69,0.49635036496350365
812303,68,94,0.41975308641975306
420613,68,93,0.422360248447205
389099,68,34,0.6666666666666666
708434,67,40,0.6261682242990654
172363,67,95,0.41358024691358025
506796,67,51,0.5677966101694916
49746,67,97,0.40853658536585363
1423227,67,89,0.42948717948717946
17343,66,58,0.532258064516129
1777090,66,85,0.4370860927152318
459557,66,92,0.4177215189873418
909085,66,67,0.49624060150375937
320180,66,73,0.4748201438848921
212555,66,94,0.4125
641955,66,85,0.4370860927152318
214668,65,51,0.5603448275862069
2649012,65,61,0.5158730158730159
3824919,65,81,0.4452054794520548
413337,65,78,0.45454545454545453
396730,65,65,0.5
982149,65,86,0.4304635761589404
897024,65,89,0.42207792207792205
2850651,64,11,0.8533333333333334
138304,64,82,0.4383561643835616
150339,64,55,0.5378151260504201
726863,64,60,0.5161290322580645
360211,64,90,0.4155844155844156
547779,63,72,0.4666666666666667
40013,63,47,0.5727272727272728
1196603,63,56,0.5294117647058824
1895303,63,74,0.45985401459854014
1310566,63,67,0.4846153846153846
1276804,63,51,0.5526315789473685
732016,62,82,0.4305555555555556
312407,62,83,0.42758620689655175
183172,61,30,0.6703296703296703
1813625,61,27,0.6931818181818182
83695,61,87,0.41216216216216217
2358786,60,67,0.47244094488188976
1803551,60,67,0.47244094488188976
3530129,60,40,0.6
524368,60,65,0.48
950199,60,42,0.5882352941176471
319878,60,68,0.46875
1326913,60,82,0.4225352112676056
3190413,59,75,0.44029850746268656
397016,59,76,0.43703703703703706
1029225,59,34,0.6344086021505376
2498956,59,78,0.4306569343065693
1078583,59,61,0.49166666666666664
10397,59,40,0.5959595959595959
507810,58,68,0.4603174603174603
644450,58,53,0.5225225225225225
635982,58,40,0.5918367346938775
2182928,58,57,0.5043478260869565
411393,58,68,0.4603174603174603
1350869,58,74,0.4393939393939394
3080094,58,75,0.43609022556390975
550966,58,37,0.6105263157894737
215651,58,85,0.40559440559440557
769265,58,39,0.5979381443298969
1116391,57,46,0.5533980582524272
1237,57,73,0.43846153846153846
505088,57,60,0.48717948717948717
2083523,57,70,0.44881889763779526
796559,57,84,0.40425531914893614
293686,57,68,0.456
41619,57,80,0.41605839416058393
873875,57,37,0.6063829787234043
220381,57,83,0.40714285714285714
2311148,57,54,0.5135135135135135
1530938,57,72,0.4418604651162791
729881,56,24,0.7
180740,56,66,0.45901639344262296
2964945,56,82,0.4057971014492754
876298,55,41,0.5729166666666666
1194415,55,28,0.6626506024096386
184581,55,80,0.4074074074074074
950178,55,59,0.4824561403508772
182668,55,69,0.4435483870967742
577181,55,73,0.4296875
429063,55,67,0.45081967213114754
294248,55,54,0.5045871559633027
2581401,55,58,0.48672566371681414
3482140,54,51,0.5142857142857142
448551,54,43,0.5567010309278351
1177636,54,24,0.6923076923076923
513769,54,70,0.43548387096774194
869264,54,59,0.4778761061946903
542701,54,78,0.4090909090909091
1578604,54,34,0.6136363636363636
168175,53,36,0.5955056179775281
340556,53,77,0.4076923076923077
491243,53,56,0.48623853211009177
274466,53,36,0.5955056179775281
439317,53,46,0.5353535353535354
2011748,53,73,0.42063492063492064
43677,53,72,0.424
48136,53,57,0.4818181818181818
654187,53,67,0.44166666666666665
542270,53,44,0.5463917525773195
773616,53,55,0.49074074074074076
1285418,52,73,0.416
1880810,52,54,0.49056603773584906
246461,52,26,0.6666666666666666
1913537,52,32,0.6190476190476191
1360888,52,59,0.46846846846846846
177145,52,59,0.46846846846846846
524946,52,76,0.40625
1207921,52,75,0.4094488188976378
100402,52,36,0.5909090909090909
991085,52,61,0.46017699115044247
827060,52,60,0.4642857142857143
745924,51,55,0.4811320754716981
268273,51,52,0.49514563106796117
675502,51,74,0.408
238303,51,48,0.5151515151515151
896249,51,69,0.425
2399024,51,63,0.4473684210526316
3973077,51,64,0.4434782608695652
1109425,51,39,0.5666666666666667
488433,51,76,0.4015748031496063
3001496,51,71,0.4180327868852459
290799,51,26,0.6623376623376623
1594933,51,55,0.4811320754716981
7034,51,55,0.4811320754716981
356594,51,38,0.5730337078651685
1068649,51,52,0.49514563106796117
650425,51,70,0.4214876033057851
147024,50,46,0.5208333333333334
752320,50,50,0.5
1199132,50,37,0.5747126436781609
181497,50,35,0.5882352941176471
1005481,50,56,0.4716981132075472
1236185,50,31,0.6172839506172839
732771,50,23,0.684931506849315
413127,49,67,0.4224137931034483
870122,49,44,0.5268817204301075
119114,49,23,0.6805555555555556
2427596,49,47,0.5104166666666666
252228,49,52,0.48514851485148514
733345,49,67,0.4224137931034483
626853,49,61,0.44545454545454544
747873,49,48,0.5051546391752577
2764255,49,52,0.48514851485148514
599346,49,61,0.44545454545454544
375722,48,38,0.5581395348837209
1671856,48,20,0.7058823529411765
675383,48,44,0.5217391304347826
1072150,48,61,0.44036697247706424
642161,48,56,0.46153846153846156
126916,48,59,0.4485981308411215
169397,48,56,0.46153846153846156
1490882,48,59,0.4485981308411215
125844,48,70,0.4067796610169492
1267168,48,41,0.5393258426966292
111331,48,64,0.42857142857142855
1204143,47,60,0.4392523364485981
2065083,47,61,0.4351851851851852
298575,47,24,0.6619718309859155
119365,47,62,0.43119266055045874
34102,47,66,0.415929203539823
116614,47,65,0.41964285714285715
922184,47,25,0.6527777777777778
541688,47,66,0.415929203539823
463324,47,41,0.5340909090909091
843804,47,64,0.42342342342342343
1253844,47,43,0.5222222222222223
2310866,46,32,0.5897435897435898
105744,46,67,0.40707964601769914
68969,46,49,0.4842105263157895
45914,46,53,0.46464646464646464
2313887,46,29,0.6133333333333333
1663592,46,65,0.4144144144144144
2958086,46,62,0.42592592592592593
1144035,46,59,0.4380952380952381
89766,46,39,0.5411764705882353
1217178,46,43,0.5168539325842697
1401879,46,68,0.40350877192982454
2357112,46,59,0.4380952380952381
1228454,46,43,0.5168539325842697
530734,45,65,0.4090909090909091
243782,45,44,0.5056179775280899
3287204,45,32,0.5844155844155844
18771,45,56,0.44554455445544555
1617269,45,40,0.5294117647058824
2592874,45,36,0.5555555555555556
224671,45,33,0.5769230769230769
1946537,45,57,0.4411764705882353
658718,45,50,0.47368421052631576
2777005,45,48,0.4838709677419355
1138559,44,28,0.6111111111111112
141081,44,61,0.41904761904761906
3182091,44,50,0.46808510638297873
438544,44,62,0.41509433962264153
966590,44,59,0.42718446601941745
2986905,44,39,0.5301204819277109
504685,44,53,0.4536082474226804
1999393,43,46,0.48314606741573035
1155801,43,62,0.4095238095238095
1413240,43,47,0.4777777777777778
618059,43,42,0.5058823529411764
235019,43,22,0.6615384615384615
499214,43,32,0.5733333333333334
801434,43,34,0.5584415584415584
354831,43,48,0.4725274725274725
123378,43,55,0.4387755102040816
2423205,43,22,0.6615384615384615
2936153,43,29,0.5972222222222222
995876,42,44,0.4883720930232558
7595,42,56,0.42857142857142855
227192,42,61,0.4077669902912621
192373,42,57,0.42424242424242425
14419,42,44,0.4883720930232558
1460509,42,55,0.4329896907216495
6716,42,26,0.6176470588235294
788207,42,35,0.5454545454545454
3179759,42,46,0.4772727272727273
941357,42,45,0.4827586206896552
3297111,42,13,0.7636363636363637
306488,42,35,0.5454545454545454
764040,42,60,0.4117647058823529
3006544,42,53,0.4421052631578947
38896,42,56,0.42857142857142855
234039,41,44,0.4823529411764706
1391333,41,59,0.41
17833,41,39,0.5125
890904,41,44,0.4823529411764706
2183804,41,53,0.43617021276595747
2225682,41,31,0.5694444444444444
465378,41,55,0.4270833333333333
114313,41,47,0.4659090909090909
282538,41,38,0.5189873417721519
614157,41,58,0.41414141414141414
471782,41,51,0.44565217391304346
553308,41,52,0.44086021505376344
4296831,41,48,0.4606741573033708
350428,41,46,0.47126436781609193
2223067,41,45,0.47674418604651164
74694,41,43,0.4880952380952381
1185262,41,57,0.41836734693877553
3270595,40,40,0.5
3340,40,53,0.43010752688172044
2040251,40,52,0.43478260869565216
833647,40,30,0.5714285714285714
3821981,40,53,0.43010752688172044
637889,40,40,0.5
1353722,40,36,0.5263157894736842
3081206,40,47,0.45977011494252873
416996,40,34,0.5405405405405406
474287,40,59,0.40404040404040403
1384297,40,25,0.6153846153846154
241986,40,33,0.547945205479452
132047,40,15,0.7272727272727273
180538,39,54,0.41935483870967744
380338,39,47,0.45348837209302323
739270,39,46,0.4588235294117647
1598523,39,35,0.527027027027027
1468919,39,41,0.4875
306276,39,57,0.40625
920607,39,34,0.5342465753424658
3553087,39,40,0.4936708860759494
283200,39,57,0.40625
1666116,39,29,0.5735294117647058
2788,39,50,0.43820224719101125
1899640,39,28,0.582089552238806
568635,39,55,0.4148936170212766
1354879,39,38,0.5064935064935064
2100044,39,20,0.6610169491525424
1051783,39,27,0.5909090909090909
2661118,39,46,0.4588235294117647
514065,39,54,0.41935483870967744
2580975,39,39,0.5
181412,39,49,0.4431818181818182
89806,39,41,0.4875
1876839,39,39,0.5
671619,39,50,0.43820224719101125
571271,39,48,0.4482758620689655
664856,39,49,0.4431818181818182
59087,39,27,0.5909090909090909
158701,38,34,0.5277777777777778
614807,38,40,0.48717948717948717
234009,38,43,0.4691358024691358
292728,38,48,0.4418604651162791
2029566,38,56,0.40425531914893614
614141,38,53,0.4175824175824176
211277,38,44,0.4634146341463415
1589700,38,43,0.4691358024691358
575766,38,36,0.5135135135135135
395821,38,56,0.40425531914893614
190201,38,52,0.4222222222222222
150166,38,29,0.5671641791044776
1989739,38,55,0.40860215053763443
107152,38,34,0.5277777777777778
396458,38,37,0.5066666666666667
1633117,38,22,0.6333333333333333
219159,38,56,0.40425531914893614
563890,38,37,0.5066666666666667
1212596,38,54,0.41304347826086957
243134,38,44,0.4634146341463415
1374678,37,26,0.5873015873015873
469201,37,50,0.42528735632183906
1428461,37,42,0.46835443037974683
232707,37,12,0.7551020408163265
1617024,37,48,0.43529411764705883
1305740,37,34,0.5211267605633803
1212363,37,45,0.45121951219512196
65863,37,36,0.5068493150684932
93156,37,21,0.6379310344827587
724361,37,39,0.4868421052631579
1287342,37,41,0.47435897435897434
658907,37,26,0.5873015873015873
734069,37,17,0.6851851851851852
976155,37,38,0.49333333333333335
1677948,37,49,0.43023255813953487
958954,37,52,0.4157303370786517
297696,37,40,0.4805194805194805
2235132,37,38,0.49333333333333335
2091925,37,42,0.46835443037974683
1815355,37,48,0.43529411764705883
69802,37,18,0.6727272727272727
975700,37,31,0.5441176470588235
1315397,37,47,0.44047619047619047
1064728,37,24,0.6065573770491803
774444,37,36,0.5068493150684932
460802,37,47,0.44047619047619047
2147481,37,25,0.5967741935483871
1418643,37,38,0.49333333333333335
974731,37,38,0.49333333333333335
1810525,36,50,0.4186046511627907
289466,36,31,0.5373134328358209
160313,36,25,0.5901639344262295
988052,36,29,0.5538461538461539
2357233,36,49,0.4235294117647059
179984,36,23,0.6101694915254238
266304,36,25,0.5901639344262295
1702990,36,46,0.43902439024390244
2151351,36,29,0.5538461538461539
66416,36,35,0.5070422535211268
3246484,36,52,0.4090909090909091
1501613,36,45,0.4444444444444444
960195,36,42,0.46153846153846156
95699,36,45,0.4444444444444444
106671,36,48,0.42857142857142855
1590502,36,30,0.5454545454545454
1584167,36,37,0.4931506849315068
1247705,36,46,0.43902439024390244
166712,35,29,0.546875
1782379,35,48,0.42168674698795183
3057934,35,34,0.5072463768115942
261142,35,43,0.44871794871794873
771848,35,33,0.5147058823529411
1220269,35,52,0.40229885057471265
1101070,35,24,0.5932203389830508
611182,35,22,0.6140350877192983
916657,35,13,0.7291666666666666
2051952,35,38,0.4794520547945205
1228887,35,48,0.42168674698795183
55808,35,35,0.5
786718,35,19,0.6481481481481481
1421144,35,20,0.6363636363636364
3805262,35,50,0.4117647058823529
83406,35,42,0.45454545454545453
1385087,35,30,0.5384615384615384
501250,35,32,0.5223880597014925
618087,35,19,0.6481481481481481
814702,35,20,0.6363636363636364
3181392,34,29,0.5396825396825397
1644440,34,40,0.4594594594594595
391227,34,43,0.44155844155844154
77409,34,45,0.43037974683544306
2182172,34,35,0.4927536231884058
1050766,34,34,0.5
2797275,34,42,0.4473684210526316
531021,34,25,0.576271186440678
136363,34,28,0.5483870967741935
802421,34,39,0.4657534246575342
800014,34,38,0.4722222222222222
634474,34,24,0.5862068965517241
1554314,34,33,0.5074626865671642
2261424,34,42,0.4473684210526316
791406,34,28,0.5483870967741935
3447216,34,40,0.4594594594594595
1286210,34,29,0.5396825396825397
498860,34,11,0.7555555555555555
95361,34,46,0.425
3510410,34,31,0.5230769230769231
982084,34,42,0.4473684210526316
2508646,34,41,0.4533333333333333
507864,34,49,0.40963855421686746
1421925,34,42,0.4473684210526316
1476062,33,48,0.4074074074074074
2558882,33,26,0.559322033898305
62288,33,38,0.4647887323943662
4005008,33,48,0.4074074074074074
432589,33,36,0.4782608695652174
1055219,33,48,0.4074074074074074
596781,33,48,0.4074074074074074
1516873,33,41,0.44594594594594594
772385,33,40,0.4520547945205479
2363918,33,45,0.4230769230769231
142983,33,43,0.4342105263157895
1880431,33,43,0.4342105263157895
2108972,33,49,0.4024390243902439
2499035,33,48,0.4074074074074074
1332690,33,16,0.673469387755102
2056772,33,28,0.5409836065573771
546188,33,41,0.44594594594594594
454470,33,47,0.4125
886533,33,30,0.5238095238095238
1999374,33,43,0.4342105263157895
1282908,33,18,0.6470588235294118
505154,33,28,0.5409836065573771
2985303,32,31,0.5079365079365079
1480018,32,24,0.5714285714285714
2588463,32,24,0.5714285714285714
2741705,32,38,0.45714285714285713
250903,32,26,0.5517241379310345
878469,32,28,0.5333333333333333
181772,32,42,0.43243243243243246
1534725,32,16,0.6666666666666666
2512687,32,3,0.9142857142857143
271236,32,39,0.4507042253521127
468763,32,23,0.5818181818181818
1097634,32,37,0.463768115942029
164553,32,40,0.4444444444444444
3018377,32,36,0.47058823529411764
838992,32,26,0.5517241379310345
100237,32,31,0.5079365079365079
67796,32,32,0.5
2266098,31,41,0.4305555555555556
1257372,31,34,0.47692307692307695
512958,31,39,0.44285714285714284
3410697,31,19,0.62
1041336,31,39,0.44285714285714284
356224,31,39,0.44285714285714284
912935,31,46,0.4025974025974026
44729,31,23,0.5740740740740741
402033,31,33,0.484375
440010,31,46,0.4025974025974026
143505,31,37,0.45588235294117646
298389,31,41,0.4305555555555556
180770,31,40,0.43661971830985913
1596545,31,35,0.4696969696969697
1615086,31,40,0.43661971830985913
1211906,31,24,0.5636363636363636
177701,31,42,0.4246575342465753
634824,31,31,0.5
227803,31,23,0.5740740740740741
302387,31,45,0.40789473684210525
451518,31,32,0.49206349206349204
23368,31,30,0.5081967213114754
6198,31,39,0.44285714285714284
886653,30,24,0.5555555555555556
2668136,30,25,0.5454545454545454
552792,30,44,0.40540540540540543
1321716,30,35,0.46153846153846156
68805,30,35,0.46153846153846156
655756,30,29,0.5084745762711864
562363,30,29,0.5084745762711864
623358,30,44,0.40540540540540543
1110291,30,38,0.4411764705882353
649852,30,44,0.40540540540540543
770303,30,44,0.40540540540540543
704513,30,34,0.46875
1401257,30,22,0.5769230769230769
961113,30,41,0.4225352112676056
1049915,30,38,0.4411764705882353
952648,30,26,0.5357142857142857
39371,30,38,0.4411764705882353
598547,30,13,0.6976744186046512
418267,30,27,0.5263157894736842
1021720,30,27,0.5263157894736842
1804251,30,43,0.410958904109589
927034,30,43,0.410958904109589
1980909,30,34,0.46875
1447173,30,18,0.625
944849,30,40,0.42857142857142855
675589,30,19,0.6122448979591837
1570834,30,23,0.5660377358490566
710480,30,3,0.9090909090909091
2086065,29,21,0.58
170842,29,21,0.58
502399,29,10,0.7435897435897436
945485,29,19,0.6041666666666666
5542,29,39,0.4264705882352941
3166846,29,19,0.6041666666666666
1629362,29,32,0.47540983606557374
2692962,29,2,0.9354838709677419
971592,29,34,0.4603174603174603
613628,29,31,0.48333333333333334
1816580,29,17,0.6304347826086957
2855515,29,37,0.4393939393939394
1498389,29,39,0.4264705882352941
301153,29,27,0.5178571428571429
600132,29,37,0.4393939393939394
1219199,29,25,0.5370370370370371
4040179,29,29,0.5
215974,29,35,0.453125
123054,29,36,0.4461538461538462
130929,29,40,0.42028985507246375
327402,29,32,0.47540983606557374
757100,29,38,0.43283582089552236
987519,29,30,0.4915254237288136
509369,29,5,0.8529411764705882
3172024,28,17,0.6222222222222222
73446,28,28,0.5
1395668,28,15,0.6511627906976745
603744,28,37,0.4307692307692308
2588800,28,30,0.4827586206896552
573153,28,29,0.49122807017543857
304151,28,1,0.9655172413793104
1787809,28,29,0.49122807017543857
2747804,28,32,0.4666666666666667
785349,28,21,0.5714285714285714
548568,28,37,0.4307692307692308
2126854,28,41,0.4057971014492754
462963,28,26,0.5185185185185185
1107317,28,27,0.509090909090909
1173729,28,37,0.4307692307692308
131021,28,41,0.4057971014492754
98632,28,31,0.4745762711864407
637284,28,38,0.42424242424242425
4173903,28,25,0.5283018867924528
703759,28,32,0.4666666666666667
1945651,28,33,0.45901639344262296
170028,28,17,0.6222222222222222
877472,28,41,0.4057971014492754
429377,27,5,0.84375
939860,27,38,0.4153846153846154
383688,27,19,0.5869565217391305
132270,27,36,0.42857142857142855
1538986,27,35,0.43548387096774194
328275,27,32,0.4576271186440678
667690,27,24,0.5294117647058824
2131074,27,15,0.6428571428571429
152794,27,34,0.4426229508196721
63034,27,28,0.4909090909090909
242940,27,23,0.54
4219144,27,27,0.5
33708,27,39,0.4090909090909091
432021,27,38,0.4153846153846154
1239966,27,33,0.45
236398,27,37,0.421875
258813,27,21,0.5625
130224,27,35,0.43548387096774194
1407656,27,24,0.5294117647058824
118903,27,38,0.4153846153846154
479180,27,27,0.5
116542,27,27,0.5
753663,27,36,0.42857142857142855
1163019,27,20,0.574468085106383
400545,27,7,0.7941176470588235
465582,27,40,0.40298507462686567
1183192,27,24,0.5294117647058824
186663,27,32,0.4576271186440678
2624089,26,27,0.49056603773584906
2613885,26,10,0.7222222222222222
21368,26,36,0.41935483870967744
92764,26,31,0.45614035087719296
1965099,26,33,0.4406779661016949
506879,26,26,0.5
3850702,26,32,0.4482758620689655
1552587,26,30,0.4642857142857143
1365960,26,32,0.4482758620689655
65358,26,32,0.4482758620689655
1373545,26,16,0.6190476190476191
1126380,26,19,0.5777777777777777
500478,26,35,0.4262295081967213
1608643,26,32,0.4482758620689655
2065611,26,13,0.6666666666666666
1317117,26,25,0.5098039215686274
1392132,26,33,0.4406779661016949
2292812,26,13,0.6666666666666666
4140572,26,38,0.40625
967142,26,14,0.65
205512,26,14,0.65
986387,26,24,0.52
599528,26,31,0.45614035087719296
321356,26,38,0.40625
104223,26,10,0.7222222222222222
1399920,26,25,0.5098039215686274
785663,26,26,0.5
1258245,26,30,0.4642857142857143
813002,26,26,0.5
1332414,26,30,0.4642857142857143
106224,26,27,0.49056603773584906
797390,26,24,0.52
1082300,26,32,0.4482758620689655
320220,26,32,0.4482758620689655
980521,26,29,0.4727272727272727
223196,26,33,0.4406779661016949
785229,26,16,0.6190476190476191
88111,25,23,0.5208333333333334
2868801,25,22,0.5319148936170213
859518,25,11,0.6944444444444444
427763,25,22,0.5319148936170213
48387,25,25,0.5
772743,25,13,0.6578947368421053
1466188,25,35,0.4166666666666667
395181,25,28,0.4716981132075472
3053630,25,28,0.4716981132075472
2231887,25,28,0.4716981132075472
2341938,25,25,0.5
575520,25,37,0.4032258064516129
3848148,25,26,0.49019607843137253
2531314,25,35,0.4166666666666667
615182,25,28,0.4716981132075472
1515834,25,37,0.4032258064516129
426429,25,17,0.5952380952380952
951609,25,33,0.43103448275862066
2824919,25,30,0.45454545454545453
260127,25,15,0.625
433835,25,20,0.5555555555555556
329567,25,24,0.5102040816326531
958431,25,12,0.6756756756756757
2754530,25,30,0.45454545454545453
325742,25,22,0.5319148936170213
2454356,25,6,0.8064516129032258
980439,25,13,0.6578947368421053
2103602,25,33,0.43103448275862066
7616,25,37,0.4032258064516129
2686899,25,17,0.5952380952380952
1611791,25,28,0.4716981132075472
469077,25,7,0.78125
1175253,25,21,0.5434782608695652
2327517,25,15,0.625
1389023,25,24,0.5102040816326531
1038826,24,16,0.6
306042,24,35,0.4067796610169492
3101090,24,35,0.4067796610169492
1327899,24,31,0.43636363636363634
2390644,24,32,0.42857142857142855
798027,24,26,0.48
423943,24,27,0.47058823529411764
719662,24,30,0.4444444444444444
209899,24,14,0.631578947368421
827110,24,26,0.48
875083,24,27,0.47058823529411764
138933,24,25,0.4897959183673469
1417546,24,17,0.5853658536585366
1205368,24,15,0.6153846153846154
423105,24,28,0.46153846153846156
1906491,24,23,0.5106382978723404
2188186,24,19,0.5581395348837209
1055284,24,34,0.41379310344827586
2191746,24,18,0.5714285714285714
2419183,24,20,0.5454545454545454
1195383,24,26,0.48
374693,24,21,0.5333333333333333
109412,24,30,0.4444444444444444
270910,24,23,0.5106382978723404
124007,24,30,0.4444444444444444
785864,24,31,0.43636363636363634
211674,24,25,0.4897959183673469
3168859,24,30,0.4444444444444444
764326,24,19,0.5581395348837209
638225,24,13,0.6486486486486487
1544250,24,33,0.42105263157894735
593709,24,23,0.5106382978723404
1377895,24,29,0.4528301886792453
3029904,24,14,0.631578947368421
201251,24,26,0.48
513868,24,28,0.46153846153846156
1295422,24,24,0.5
235161,24,13,0.6486486486486487
1813853,24,14,0.631578947368421
984393,24,29,0.4528301886792453
149138,24,31,0.43636363636363634
483567,24,27,0.47058823529411764
350923,24,17,0.5853658536585366
3071225,24,17,0.5853658536585366
107331,24,29,0.4528301886792453
1506440,24,29,0.4528301886792453
249327,24,26,0.48
3315914,24,32,0.42857142857142855
913762,23,14,0.6216216216216216
816542,23,29,0.4423076923076923
431,23,23,0.5
2920151,23,30,0.4339622641509434
95462,23,27,0.46
563323,23,25,0.4791666666666667
1679310,23,24,0.48936170212765956
144302,23,26,0.46938775510204084
471149,23,30,0.4339622641509434
515054,23,16,0.5897435897435898
269377,23,17,0.575
107591,23,20,0.5348837209302325
2425802,23,22,0.5111111111111111
463202,23,31,0.42592592592592593
535646,23,12,0.6571428571428571
325129,23,26,0.46938775510204084
649048,23,29,0.4423076923076923
367649,23,26,0.46938775510204084
768935,23,27,0.46
432259,23,33,0.4107142857142857
290213,23,11,0.6764705882352942
2069587,23,34,0.40350877192982454
783043,23,5,0.8214285714285714
1348743,23,30,0.4339622641509434
759019,23,33,0.4107142857142857
275496,23,12,0.6571428571428571
576119,23,34,0.40350877192982454
55637,23,24,0.48936170212765956
130168,23,17,0.575
1672009,23,32,0.41818181818181815
219183,23,17,0.575
528428,23,26,0.46938775510204084
916225,23,16,0.5897435897435898
1201423,23,26,0.46938775510204084
931007,23,15,0.6052631578947368
227804,23,19,0.5476190476190477
234938,23,14,0.6216216216216216
569558,23,13,0.6388888888888888
59604,23,25,0.4791666666666667
80714,23,22,0.5111111111111111
45773,23,14,0.6216216216216216
264419,23,22,0.5111111111111111
1107536,23,33,0.4107142857142857
213727,23,34,0.40350877192982454
2470818,23,30,0.4339622641509434
611274,22,12,0.6470588235294118
210719,22,23,0.4888888888888889
315364,22,29,0.43137254901960786
1174467,22,16,0.5789473684210527
3432,22,17,0.5641025641025641
1676123,22,16,0.5789473684210527
3231778,22,29,0.43137254901960786
1116354,22,17,0.5641025641025641
1157935,22,19,0.5365853658536586
1313268,22,30,0.4230769230769231
1366471,22,32,0.4074074074074074
774395,22,17,0.5641025641025641
345057,22,25,0.46808510638297873
428753,22,12,0.6470588235294118
399457,22,2,0.9166666666666666
36723,22,31,0.41509433962264153
362531,22,17,0.5641025641025641
98525,22,16,0.5789473684210527
418563,22,23,0.4888888888888889
766328,22,30,0.4230769230769231
235,22,30,0.4230769230769231
58061,22,27,0.4489795918367347
509967,22,17,0.5641025641025641
305973,22,19,0.5365853658536586
892029,22,12,0.6470588235294118
2516301,22,24,0.4782608695652174
179962,22,32,0.4074074074074074
771055,22,29,0.43137254901960786
2848676,22,11,0.6666666666666666
1024796,22,13,0.6285714285714286
176897,22,26,0.4583333333333333
1156412,21,27,0.4375
416549,21,11,0.65625
1860591,21,24,0.4666666666666667
302994,21,29,0.42
962111,21,14,0.6
1121883,21,20,0.5121951219512195
3283790,21,23,0.4772727272727273
613319,21,27,0.4375
100297,21,13,0.6176470588235294
623041,21,16,0.5675675675675675
586873,21,18,0.5384615384615384
2058757,21,31,0.40384615384615385
467592,21,28,0.42857142857142855
85863,21,31,0.40384615384615385
19750,21,29,0.42
450534,21,18,0.5384615384615384
1871207,21,14,0.6
290085,21,27,0.4375
1105759,21,10,0.6774193548387096
2625478,21,29,0.42
1160445,21,11,0.65625
572834,21,28,0.42857142857142855
531762,21,8,0.7241379310344828
617996,21,19,0.525
1951882,21,23,0.4772727272727273
843318,21,14,0.6
3330969,21,23,0.4772727272727273
291827,21,24,0.4666666666666667
8373,21,13,0.6176470588235294
574932,21,16,0.5675675675675675
1436931,21,16,0.5675675675675675
872975,21,12,0.6363636363636364
750650,21,13,0.6176470588235294
260424,21,30,0.4117647058823529
1354590,21,29,0.42
781610,21,30,0.4117647058823529
184499,21,20,0.5121951219512195
1472331,21,26,0.44680851063829785
418352,21,31,0.40384615384615385
12582,21,7,0.75
2207894,21,14,0.6
272824,21,18,0.5384615384615384
1392116,21,24,0.4666666666666667
323421,21,24,0.4666666666666667
3858487,21,30,0.4117647058823529
111777,21,31,0.40384615384615385
167980,21,24,0.4666666666666667
1969893,21,27,0.4375
2144669,21,22,0.4883720930232558
668540,21,26,0.44680851063829785
869,21,30,0.4117647058823529
120444,21,30,0.4117647058823529
1050422,21,30,0.4117647058823529
107158,21,16,0.5675675675675675
571563,21,20,0.5121951219512195
41455,21,8,0.7241379310344828
584670,20,23,0.46511627906976744
1513384,20,25,0.4444444444444444
71141,20,27,0.425531914893617
3615725,20,24,0.45454545454545453
243613,20,20,0.5
1426565,20,24,0.45454545454545453
630443,20,28,0.4166666666666667
1153719,20,24,0.45454545454545453
347165,20,25,0.4444444444444444
2853637,20,11,0.6451612903225806
153184,20,18,0.5263157894736842
1201210,20,6,0.7692307692307693
576549,20,24,0.45454545454545453
947304,20,25,0.4444444444444444
642653,20,26,0.43478260869565216
620249,20,21,0.4878048780487805
454533,20,29,0.40816326530612246
476260,20,27,0.425531914893617
3909557,20,19,0.5128205128205128
1852723,20,26,0.43478260869565216
538169,20,17,0.5405405405405406
250517,20,22,0.47619047619047616
30563,20,23,0.46511627906976744
3295442,20,27,0.425531914893617
1089998,20,23,0.46511627906976744
376829,20,25,0.4444444444444444
2056116,20,21,0.4878048780487805
1116836,20,12,0.625
216431,20,1,0.9523809523809523
453596,20,15,0.5714285714285714
3324704,20,24,0.45454545454545453
72437,20,21,0.4878048780487805
877391,20,15,0.5714285714285714
2528639,20,17,0.5405405405405406
2387054,20,28,0.4166666666666667
21239,20,16,0.5555555555555556
1382791,20,7,0.7407407407407407
432209,20,11,0.6451612903225806
186674,20,19,0.5128205128205128
196869,20,26,0.43478260869565216
213901,20,19,0.5128205128205128
1921872,20,4,0.8333333333333334
2780943,20,28,0.4166666666666667
735284,20,9,0.6896551724137931
358328,20,27,0.425531914893617
957630,20,12,0.625
119527,20,28,0.4166666666666667
2414556,20,25,0.4444444444444444
148423,20,27,0.425531914893617
2969719,20,28,0.4166666666666667
2160152,20,13,0.6060606060606061
3419894,20,23,0.46511627906976744
97160,20,17,0.5405405405405406
473395,20,29,0.40816326530612246
1777058,20,17,0.5405405405405406
801396,19,26,0.4222222222222222
22364,19,22,0.4634146341463415
3081018,19,20,0.48717948717948717
283084,19,16,0.5428571428571428
1517816,19,23,0.4523809523809524
334519,19,8,0.7037037037037037
1126526,19,25,0.4318181818181818
2821954,19,9,0.6785714285714286
3093,19,26,0.4222222222222222
1876644,19,28,0.40425531914893614
2252830,19,24,0.4418604651162791
232671,19,10,0.6551724137931034
119634,19,27,0.41304347826086957
411767,19,21,0.475
1322642,19,25,0.4318181818181818
2290551,19,27,0.41304347826086957
184998,19,15,0.5588235294117647
379235,19,28,0.40425531914893614
657439,19,21,0.475
1073995,19,6,0.76
16414,19,26,0.4222222222222222
41679,19,5,0.7916666666666666
820142,19,24,0.4418604651162791
85134,19,27,0.41304347826086957
1321873,19,27,0.41304347826086957
2331953,19,14,0.5757575757575758
210713,19,26,0.4222222222222222
93961,19,25,0.4318181818181818
862441,19,24,0.4418604651162791
555220,19,27,0.41304347826086957
1487809,19,10,0.6551724137931034
3401555,19,15,0.5588235294117647
2707463,19,16,0.5428571428571428
1003123,19,27,0.41304347826086957
2948765,19,22,0.4634146341463415
315935,19,14,0.5757575757575758
788324,19,7,0.7307692307692307
694184,19,21,0.475
517740,19,28,0.40425531914893614
89435,19,27,0.41304347826086957
1873365,19,27,0.41304347826086957
945226,19,20,0.48717948717948717
253056,19,24,0.4418604651162791
1104902,19,11,0.6333333333333333
104143,19,17,0.5277777777777778
1715579,19,27,0.41304347826086957
133645,19,23,0.4523809523809524
1890567,19,19,0.5
1950649,19,8,0.7037037037037037
556975,19,15,0.5588235294117647
266268,19,20,0.48717948717948717
194894,19,25,0.4318181818181818
1288408,19,16,0.5428571428571428
620053,19,24,0.4418604651162791
2021412,19,5,0.7916666666666666
1435741,19,24,0.4418604651162791
1348195,19,19,0.5
509303,19,22,0.4634146341463415
668929,19,28,0.40425531914893614
2176962,19,18,0.5135135135135135
882251,19,9,0.6785714285714286
300188,19,21,0.475
1000753,19,27,0.41304347826086957
298225,19,17,0.5277777777777778
402053,19,26,0.4222222222222222
1041364,19,26,0.4222222222222222
116249,19,21,0.475
3017818,19,27,0.41304347826086957
1454261,19,27,0.41304347826086957
1823424,19,19,0.5
957654,19,24,0.4418604651162791
286453,19,24,0.4418604651162791
119159,19,20,0.48717948717948717
2142219,19,24,0.4418604651162791
2658050,19,26,0.4222222222222222
2865949,19,11,0.6333333333333333
1848662,19,12,0.6129032258064516
356986,18,15,0.5454545454545454
517247,18,17,0.5142857142857142
212870,18,25,0.4186046511627907
124160,18,22,0.45
3063077,18,25,0.4186046511627907
1154689,18,16,0.5294117647058824
13070,18,17,0.5142857142857142
1995170,18,14,0.5625
1339257,18,22,0.45
4128524,18,23,0.43902439024390244
420015,18,9,0.6666666666666666
2268061,18,21,0.46153846153846156
241475,18,15,0.5454545454545454
50552,18,9,0.6666666666666666
22904,18,17,0.5142857142857142
1167890,18,17,0.5142857142857142
1159472,18,15,0.5454545454545454
1120221,18,21,0.46153846153846156
656069,18,19,0.4864864864864865
829407,18,19,0.4864864864864865
1066530,18,22,0.45
232593,18,15,0.5454545454545454
3459206,18,21,0.46153846153846156
202504,18,8,0.6923076923076923
2622959,18,23,0.43902439024390244
1174869,18,26,0.4090909090909091
1010868,18,14,0.5625
407170,18,10,0.6428571428571429
304024,18,25,0.4186046511627907
218028,18,16,0.5294117647058824
719633,18,13,0.5806451612903226
142162,18,11,0.6206896551724138
440602,18,25,0.4186046511627907
894194,18,24,0.42857142857142855
1033622,18,17,0.5142857142857142
1296806,18,19,0.4864864864864865
1311394,18,25,0.4186046511627907
1342427,18,21,0.46153846153846156
944099,18,19,0.4864864864864865
431769,18,13,0.5806451612903226
1420168,18,20,0.47368421052631576
8020,18,15,0.5454545454545454
556613,18,19,0.4864864864864865
1919049,18,13,0.5806451612903226
126945,18,26,0.4090909090909091
1778465,17,5,0.7727272727272727
977919,17,25,0.40476190476190477
461800,17,16,0.5151515151515151
994834,17,10,0.6296296296296297
1210071,17,19,0.4722222222222222
2501460,17,22,0.4358974358974359
920511,17,9,0.6538461538461539
1545363,17,21,0.4473684210526316
96224,17,24,0.4146341463414634
423991,17,23,0.425
388389,17,12,0.5862068965517241
2736153,17,24,0.4146341463414634
388980,17,14,0.5483870967741935
1844265,17,23,0.425
7586,17,20,0.4594594594594595
210559,17,16,0.5151515151515151
2562421,17,21,0.4473684210526316
448192,17,25,0.40476190476190477
3585432,17,20,0.4594594594594595
3651800,17,21,0.4473684210526316
125825,17,18,0.4857142857142857
1831717,17,6,0.7391304347826086
269242,17,25,0.40476190476190477
1117029,17,19,0.4722222222222222
1795230,17,16,0.5151515151515151
470838,17,24,0.4146341463414634
1423178,17,18,0.4857142857142857
1856738,17,15,0.53125
1061977,17,20,0.4594594594594595
696391,17,19,0.4722222222222222
1913790,17,22,0.4358974358974359
789188,17,13,0.5666666666666667
249538,17,16,0.5151515151515151
523758,17,13,0.5666666666666667
625403,17,25,0.40476190476190477
1400971,17,24,0.4146341463414634
55870,17,18,0.4857142857142857
938350,17,19,0.4722222222222222
19144,17,19,0.4722222222222222
342605,17,17,0.5
1336310,17,25,0.40476190476190477
28465,17,22,0.4358974358974359
1035698,17,14,0.5483870967741935
1277362,17,17,0.5
284051,17,20,0.4594594594594595
1572599,17,19,0.4722222222222222
157762,17,12,0.5862068965517241
1057389,17,11,0.6071428571428571
656408,17,13,0.5666666666666667
7740,17,22,0.4358974358974359
1030409,17,16,0.5151515151515151
331747,17,7,0.7083333333333334
11427,17,22,0.4358974358974359
2295657,17,23,0.425
4250629,17,18,0.4857142857142857
363262,17,12,0.5862068965517241
3084258,17,18,0.4857142857142857
111335,17,22,0.4358974358974359
422060,17,19,0.4722222222222222
439667,17,15,0.53125
403053,17,10,0.6296296296296297
1779136,17,21,0.4473684210526316
1204134,17,21,0.4473684210526316
323807,17,14,0.5483870967741935
951181,17,16,0.5151515151515151
1215251,17,19,0.4722222222222222
885922,17,19,0.4722222222222222
445517,17,24,0.4146341463414634
65299,17,16,0.5151515151515151
767843,17,17,0.5
781965,17,23,0.425
348189,17,20,0.4594594594594595
209427,17,20,0.4594594594594595
250030,17,7,0.7083333333333334
4108552,17,16,0.5151515151515151
2209048,17,14,0.5483870967741935
718764,17,15,0.53125
1853479,17,18,0.4857142857142857
830663,17,22,0.4358974358974359
597624,17,24,0.4146341463414634
381161,17,23,0.425
852604,17,9,0.6538461538461539
1071311,17,10,0.6296296296296297
1369350,17,23,0.425
1029673,17,18,0.4857142857142857
212275,17,19,0.4722222222222222
122442,17,19,0.4722222222222222
295004,16,20,0.4444444444444444
16050,16,5,0.7619047619047619
796181,16,22,0.42105263157894735
2882550,16,14,0.5333333333333333
413872,16,23,0.41025641025641024
1640031,16,14,0.5333333333333333
926710,16,13,0.5517241379310345
1973552,16,17,0.48484848484848486
2001247,16,12,0.5714285714285714
1275002,16,15,0.5161290322580645
476828,16,23,0.41025641025641024
359134,16,21,0.43243243243243246
4903,16,18,0.47058823529411764
1239967,16,20,0.4444444444444444
191259,16,22,0.42105263157894735
555221,16,9,0.64
348285,16,23,0.41025641025641024
580556,16,14,0.5333333333333333
1678858,16,17,0.48484848484848486
889941,16,14,0.5333333333333333
2741114,16,18,0.47058823529411764
431639,16,18,0.47058823529411764
56778,16,23,0.41025641025641024
454967,16,20,0.4444444444444444
1199731,16,14,0.5333333333333333
987490,16,13,0.5517241379310345
27011,16,12,0.5714285714285714
2424896,16,13,0.5517241379310345
1575096,16,10,0.6153846153846154
3027164,16,20,0.4444444444444444
218787,16,21,0.43243243243243246
1735262,16,21,0.43243243243243246
170865,16,21,0.43243243243243246
4045880,16,9,0.64
126952,16,23,0.41025641025641024
2832883,16,15,0.5161290322580645
2036372,16,21,0.43243243243243246
549643,16,23,0.41025641025641024
23897,16,18,0.47058823529411764
839689,16,22,0.42105263157894735
377260,16,11,0.5925925925925926
2044473,16,16,0.5
226895,16,12,0.5714285714285714
1748763,16,13,0.5517241379310345
812948,16,13,0.5517241379310345
3152527,16,14,0.5333333333333333
3151168,16,9,0.64
9360,16,19,0.45714285714285713
336656,16,17,0.48484848484848486
5849,16,13,0.5517241379310345
748597,16,12,0.5714285714285714
2511197,16,22,0.42105263157894735
226449,16,21,0.43243243243243246
2833965,16,6,0.7272727272727273
285951,16,20,0.4444444444444444
139746,16,23,0.41025641025641024
3126670,16,20,0.4444444444444444
1219125,16,16,0.5
1965084,16,17,0.48484848484848486
403455,16,14,0.5333333333333333
441008,16,10,0.6153846153846154
375953,16,15,0.5161290322580645
1294802,16,23,0.41025641025641024
1018903,16,15,0.5161290322580645
2301843,16,16,0.5
683201,16,21,0.43243243243243246
2501410,16,22,0.42105263157894735
85950,16,13,0.5517241379310345
1227152,16,23,0.41025641025641024
223440,16,19,0.45714285714285713
2136812,16,22,0.42105263157894735
2556111,16,9,0.64
1904517,16,22,0.42105263157894735
32834,16,9,0.64
3402367,16,19,0.45714285714285713
196134,16,23,0.41025641025641024
520684,16,14,0.5333333333333333
2088815,16,18,0.47058823529411764
390581,16,12,0.5714285714285714
3353500,16,9,0.64
610215,16,20,0.4444444444444444
1236217,16,22,0.42105263157894735
904049,16,16,0.5
1078883,16,20,0.4444444444444444
1095452,16,12,0.5714285714285714
357055,16,7,0.6956521739130435
2636001,16,10,0.6153846153846154
1275169,16,20,0.4444444444444444
2092870,16,16,0.5
768334,16,21,0.43243243243243246
1059273,16,19,0.45714285714285713
473081,16,14,0.5333333333333333
2168532,16,8,0.6666666666666666
813957,16,10,0.6153846153846154
1648987,16,18,0.47058823529411764
292219,15,15,0.5
278385,15,8,0.6521739130434783
97641,15,13,0.5357142857142857
835000,15,16,0.4838709677419355
2594636,15,19,0.4411764705882353
3869092,15,21,0.4166666666666667
129750,15,5,0.75
2810741,15,20,0.42857142857142855
94559,15,12,0.5555555555555556
731174,15,10,0.6
858366,15,17,0.46875
2286990,15,12,0.5555555555555556
895477,15,2,0.8823529411764706
180335,15,12,0.5555555555555556
940096,15,14,0.5172413793103449
407651,15,6,0.7142857142857143
270287,15,13,0.5357142857142857
459886,15,7,0.6818181818181818
14558,15,15,0.5
751448,15,13,0.5357142857142857
1349366,15,17,0.46875
526995,15,16,0.4838709677419355
2835455,15,18,0.45454545454545453
1259510,15,7,0.6818181818181818
734687,15,20,0.42857142857142855
692580,15,21,0.4166666666666667
2058133,15,7,0.6818181818181818
84728,15,17,0.46875
1045850,15,11,0.5769230769230769
220447,15,22,0.40540540540540543
868492,15,21,0.4166666666666667
3079042,15,18,0.45454545454545453
953327,15,20,0.42857142857142855
896391,15,10,0.6
287976,15,12,0.5555555555555556
222892,15,10,0.6
345027,15,20,0.42857142857142855
479900,15,10,0.6
1926762,15,18,0.45454545454545453
115478,15,12,0.5555555555555556
624593,15,13,0.5357142857142857
319931,15,20,0.42857142857142855
600135,15,8,0.6521739130434783
1288294,15,16,0.4838709677419355
480975,15,22,0.40540540540540543
143295,15,15,0.5
1331255,15,15,0.5
166686,15,22,0.40540540540540543
1637033,15,12,0.5555555555555556
46991,15,10,0.6
468311,15,20,0.42857142857142855
206883,15,18,0.45454545454545453
847363,15,21,0.4166666666666667
570930,15,17,0.46875
650839,15,21,0.4166666666666667
1128103,15,19,0.4411764705882353
3290339,15,10,0.6
2022068,15,0,1.0
1353011,15,7,0.6818181818181818
2658854,15,15,0.5
3583500,15,19,0.4411764705882353
60261,15,19,0.4411764705882353
732284,15,18,0.45454545454545453
1084204,15,18,0.45454545454545453
1047448,15,16,0.4838709677419355
1327374,15,12,0.5555555555555556
403759,15,22,0.40540540540540543
3761297,15,13,0.5357142857142857
1733070,15,20,0.42857142857142855
3963330,15,17,0.46875
457208,15,5,0.75
19450,15,19,0.4411764705882353
260511,15,4,0.7894736842105263
2068211,15,22,0.40540540540540543
1818629,15,11,0.5769230769230769
73019,15,12,0.5555555555555556
93995,15,19,0.4411764705882353
509477,15,18,0.45454545454545453
2598349,15,18,0.45454545454545453
3054317,15,20,0.42857142857142855
2491900,15,22,0.40540540540540543
1647528,14,11,0.56
363606,14,8,0.6363636363636364
3744632,14,15,0.4827586206896552
1253136,14,15,0.4827586206896552
352268,14,18,0.4375
1439688,14,11,0.56
2911458,14,9,0.6086956521739131
2556517,14,7,0.6666666666666666
453594,14,9,0.6086956521739131
286871,14,15,0.4827586206896552
1317692,14,4,0.7777777777777778
1254812,14,19,0.42424242424242425
1032796,14,16,0.4666666666666667
2434234,14,18,0.4375
1673868,14,20,0.4117647058823529
459347,14,17,0.45161290322580644
4120466,14,14,0.5
798165,14,18,0.4375
280474,14,5,0.7368421052631579
454312,14,20,0.4117647058823529
1084437,14,14,0.5
249699,14,17,0.45161290322580644
1783062,14,12,0.5384615384615384
83047,14,7,0.6666666666666666
316745,14,17,0.45161290322580644
3467940,14,20,0.4117647058823529
1523648,14,19,0.42424242424242425
2750684,14,6,0.7
2912012,14,15,0.4827586206896552
1818911,14,6,0.7
1139393,14,19,0.42424242424242425
2357411,14,19,0.42424242424242425
1136264,14,14,0.5
636115,14,17,0.45161290322580644
787968,14,12,0.5384615384615384
1649021,14,1,0.9333333333333333
111219,14,12,0.5384615384615384
201672,14,20,0.4117647058823529
517073,14,14,0.5
762442,14,12,0.5384615384615384
501217,14,15,0.4827586206896552
551841,14,19,0.42424242424242425
1660192,14,10,0.5833333333333334
1052697,14,9,0.6086956521739131
996405,14,11,0.56
456062,14,13,0.5185185185185185
1722907,14,8,0.6363636363636364
12171,14,15,0.4827586206896552
1987598,14,16,0.4666666666666667
49153,14,8,0.6363636363636364
700858,14,5,0.7368421052631579
680503,14,16,0.4666666666666667
3286163,14,6,0.7
197606,14,7,0.6666666666666666
413379,14,13,0.5185185185185185
1289775,14,20,0.4117647058823529
676675,14,18,0.4375
381167,14,7,0.6666666666666666
376527,14,20,0.4117647058823529
1274911,14,11,0.56
278897,14,9,0.6086956521739131
1489860,14,8,0.6363636363636364
1496362,14,6,0.7
629942,14,10,0.5833333333333334
697560,14,10,0.5833333333333334
843093,14,10,0.5833333333333334
1398296,14,14,0.5
69689,14,13,0.5185185185185185
867521,14,14,0.5
923720,14,20,0.4117647058823529
1714115,14,14,0.5
149956,14,9,0.6086956521739131
1535738,14,16,0.4666666666666667
241462,14,18,0.4375
2232744,14,20,0.4117647058823529
50079,14,10,0.5833333333333334
168657,14,20,0.4117647058823529
3615879,14,9,0.6086956521739131
936676,14,10,0.5833333333333334
576238,13,17,0.43333333333333335
3308100,13,11,0.5416666666666666
6044,13,17,0.43333333333333335
3041785,13,12,0.52
657487,13,12,0.52
11457,13,16,0.4482758620689655
966082,13,19,0.40625
1789351,13,19,0.40625
2809078,13,9,0.5909090909090909
129492,13,18,0.41935483870967744
1912749,13,19,0.40625
2868352,13,14,0.48148148148148145
1350899,13,8,0.6190476190476191
248994,13,19,0.40625
967100,13,19,0.40625
1434089,13,14,0.48148148148148145
646863,13,11,0.5416666666666666
2311841,13,15,0.4642857142857143
750613,13,11,0.5416666666666666
3722623,13,17,0.43333333333333335
1276374,13,19,0.40625
596242,13,9,0.5909090909090909
1439771,13,18,0.41935483870967744
511837,13,17,0.43333333333333335
329082,13,16,0.4482758620689655
369025,13,16,0.4482758620689655
886697,13,19,0.40625
2568341,13,13,0.5
604109,13,19,0.40625
1062290,13,15,0.4642857142857143
659138,13,16,0.4482758620689655
2504283,13,6,0.6842105263157895
438140,13,4,0.7647058823529411
222403,13,6,0.6842105263157895
126014,13,17,0.43333333333333335
451951,13,19,0.40625
348202,13,13,0.5
431012,13,15,0.4642857142857143
2262910,13,15,0.4642857142857143
844416,13,18,0.41935483870967744
719212,13,15,0.4642857142857143
782938,13,13,0.5
199249,13,17,0.43333333333333335
3029175,13,17,0.43333333333333335
4186297,13,18,0.41935483870967744
608772,13,14,0.48148148148148145
2900049,13,7,0.65
562497,13,19,0.40625
1240557,13,19,0.40625
971423,13,19,0.40625
1076171,13,18,0.41935483870967744
527533,13,15,0.4642857142857143
641159,13,5,0.7222222222222222
462936,13,16,0.4482758620689655
683261,13,13,0.5
2731457,13,18,0.41935483870967744
173355,13,11,0.5416666666666666
3375858,13,18,0.41935483870967744
1708119,13,15,0.4642857142857143
207604,13,12,0.52
263052,13,15,0.4642857142857143
1565512,13,19,0.40625
1469259,13,12,0.52
1912167,13,15,0.4642857142857143
26133,13,9,0.5909090909090909
846761,13,17,0.43333333333333335
2525231,13,15,0.4642857142857143
787375,13,16,0.4482758620689655
3067964,13,14,0.48148148148148145
1472049,13,6,0.6842105263157895
630261,13,17,0.43333333333333335
328882,13,9,0.5909090909090909
402805,13,8,0.6190476190476191
648313,13,13,0.5
1017787,13,17,0.43333333333333335
87942,13,14,0.48148148148148145
2642204,13,18,0.41935483870967744
1215076,13,19,0.40625
1145388,13,18,0.41935483870967744
2549021,13,15,0.4642857142857143
994165,13,0,1.0
15441,13,16,0.4482758620689655
2659716,13,19,0.40625
3172694,13,4,0.7647058823529411
23786,13,17,0.43333333333333335
1174549,13,19,0.40625
313447,13,10,0.5652173913043478
1571997,13,15,0.4642857142857143
722952,13,12,0.52
1751787,13,9,0.5909090909090909
149872,13,11,0.5416666666666666
251153,13,18,0.41935483870967744
211920,13,15,0.4642857142857143
401835,13,7,0.65
287316,13,4,0.7647058823529411
315734,13,4,0.7647058823529411
359862,13,15,0.4642857142857143
1347968,13,18,0.41935483870967744
837703,13,12,0.52
1197045,13,19,0.40625
8418,13,17,0.43333333333333335
1511776,13,14,0.48148148148148145
571007,13,18,0.41935483870967744
124426,13,6,0.6842105263157895
2058839,13,15,0.4642857142857143
1893766,13,11,0.5416666666666666
1457863,13,13,0.5
185919,13,19,0.40625
828728,13,18,0.41935483870967744
1269727,13,16,0.4482758620689655
2733350,13,4,0.7647058823529411
1691423,13,8,0.6190476190476191
1229023,13,4,0.7647058823529411
1201244,13,6,0.6842105263157895
1659527,13,13,0.5
380691,13,18,0.41935483870967744
625332,13,10,0.5652173913043478
1352491,13,3,0.8125
1632462,13,5,0.7222222222222222
1713149,13,19,0.40625
471164,13,19,0.40625
1562071,13,13,0.5
942224,13,11,0.5416666666666666
1083423,13,13,0.5
413501,13,8,0.6190476190476191
695461,13,18,0.41935483870967744
429108,12,11,0.5217391304347826
965443,12,12,0.5
2321368,12,11,0.5217391304347826
2246674,12,15,0.4444444444444444
1697798,12,16,0.42857142857142855
1243753,12,10,0.5454545454545454
226469,12,14,0.46153846153846156
3276920,12,14,0.46153846153846156
1122135,12,11,0.5217391304347826
1729802,12,13,0.48
2454267,12,13,0.48
2964379,12,14,0.46153846153846156
2056545,12,13,0.48
1829500,12,15,0.4444444444444444
274261,12,12,0.5
1948895,12,11,0.5217391304347826
1453080,12,12,0.5
990596,12,14,0.46153846153846156
188587,12,17,0.41379310344827586
1117415,12,15,0.4444444444444444
1682559,12,16,0.42857142857142855
2140489,12,14,0.46153846153846156
31044,12,11,0.5217391304347826
1970746,12,10,0.5454545454545454
4316870,12,10,0.5454545454545454
407466,12,11,0.5217391304347826
1370130,12,10,0.5454545454545454
290028,12,10,0.5454545454545454
710951,12,14,0.46153846153846156
446515,12,13,0.48
445715,12,14,0.46153846153846156
1192906,12,8,0.6
19875,12,2,0.8571428571428571
189186,12,17,0.41379310344827586
439194,12,12,0.5
2067561,12,5,0.7058823529411765
1333157,12,15,0.4444444444444444
2169091,12,9,0.5714285714285714
1242160,12,15,0.4444444444444444
838151,12,7,0.631578947368421
1497059,12,10,0.5454545454545454
969325,12,16,0.42857142857142855
1085483,12,16,0.42857142857142855
130758,12,9,0.5714285714285714
3900120,12,17,0.41379310344827586
938573,12,16,0.42857142857142855
249667,12,16,0.42857142857142855
745127,12,11,0.5217391304347826
2376945,12,7,0.631578947368421
383986,12,9,0.5714285714285714
1305344,12,12,0.5
1285589,12,14,0.46153846153846156
3004221,12,16,0.42857142857142855
4449729,12,16,0.42857142857142855
460785,12,16,0.42857142857142855
2556407,12,12,0.5
3392874,12,11,0.5217391304347826
1478764,12,10,0.5454545454545454
833031,12,5,0.7058823529411765
940246,12,9,0.5714285714285714
2033637,12,13,0.48
292662,12,13,0.48
1627599,12,5,0.7058823529411765
2253467,12,12,0.5
1573036,12,6,0.6666666666666666
12034,12,16,0.42857142857142855
2304702,12,9,0.5714285714285714
317052,12,16,0.42857142857142855
728184,12,14,0.46153846153846156
3620171,12,9,0.5714285714285714
572635,12,17,0.41379310344827586
1217087,12,11,0.5217391304347826
138475,12,15,0.4444444444444444
1882525,12,16,0.42857142857142855
131427,12,4,0.75
731650,12,9,0.5714285714285714
534471,12,13,0.48
2670249,12,16,0.42857142857142855
659354,12,12,0.5
368821,12,11,0.5217391304347826
167425,12,6,0.6666666666666666
42585,12,13,0.48
311777,12,10,0.5454545454545454
1467115,12,14,0.46153846153846156
3804577,12,9,0.5714285714285714
1015144,12,9,0.5714285714285714
954843,12,16,0.42857142857142855
218890,12,13,0.48
183100,12,7,0.631578947368421
1122939,12,13,0.48
371191,12,16,0.42857142857142855
280602,12,4,0.75
311304,12,10,0.5454545454545454
80932,12,9,0.5714285714285714
567390,12,10,0.5454545454545454
443032,12,7,0.631578947368421
437282,12,7,0.631578947368421
404536,12,16,0.42857142857142855
1498904,12,10,0.5454545454545454
598445,12,9,0.5714285714285714
690952,12,4,0.75
828060,12,10,0.5454545454545454
57588,12,17,0.41379310344827586
1741343,12,16,0.42857142857142855
1847261,12,14,0.46153846153846156
130532,12,5,0.7058823529411765
925913,12,14,0.46153846153846156
1329062,12,10,0.5454545454545454
21926,12,11,0.5217391304347826
794191,12,16,0.42857142857142855
385273,12,17,0.41379310344827586
1899721,12,10,0.5454545454545454
821894,12,7,0.631578947368421
1072088,12,11,0.5217391304347826
1373116,12,13,0.48
52626,12,17,0.41379310344827586
990616,12,13,0.48
2487524,12,15,0.4444444444444444
1820695,12,9,0.5714285714285714
3245747,12,7,0.631578947368421
610940,12,10,0.5454545454545454
391338,12,17,0.41379310344827586
108827,12,13,0.48
1150776,12,17,0.41379310344827586
1515819,12,13,0.48
644766,12,10,0.5454545454545454
19911,12,16,0.42857142857142855
601849,12,7,0.631578947368421
1272477,12,10,0.5454545454545454
1803007,12,12,0.5
31118,12,11,0.5217391304347826
331246,12,12,0.5
19601,12,10,0.5454545454545454
908494,12,12,0.5
675065,12,15,0.4444444444444444
383478,12,12,0.5
105904,12,16,0.42857142857142855
1113486,12,9,0.5714285714285714
649504,11,11,0.5
125380,11,8,0.5789473684210527
3016153,11,4,0.7333333333333333
1193321,11,7,0.6111111111111112
1048572,11,16,0.4074074074074074
284843,11,13,0.4583333333333333
3063619,11,12,0.4782608695652174
369759,11,14,0.44
1860517,11,4,0.7333333333333333
104317,11,14,0.44
517815,11,16,0.4074074074074074
335439,11,10,0.5238095238095238
349130,11,10,0.5238095238095238
546117,11,7,0.6111111111111112
618551,11,11,0.5
414076,11,15,0.4230769230769231
121006,11,4,0.7333333333333333
3250829,11,9,0.55
490526,11,16,0.4074074074074074
2030691,11,16,0.4074074074074074
3032,11,11,0.5
3093319,11,11,0.5
504596,11,14,0.44
572644,11,14,0.44
1948325,11,13,0.4583333333333333
1330850,11,14,0.44
1337127,11,15,0.4230769230769231
1266191,11,14,0.44
439058,11,9,0.55
1081340,11,16,0.4074074074074074
2365494,11,12,0.4782608695652174
852548,11,7,0.6111111111111112
1356130,11,12,0.4782608695652174
2291321,11,5,0.6875
153407,11,12,0.4782608695652174
2085106,11,9,0.55
1337392,11,4,0.7333333333333333
1427098,11,12,0.4782608695652174
3957736,11,5,0.6875
557664,11,14,0.44
1321403,11,13,0.4583333333333333
1119400,11,13,0.4583333333333333
1099503,11,7,0.6111111111111112
1182971,11,14,0.44
935687,11,11,0.5
1473663,11,6,0.6470588235294118
905906,11,13,0.4583333333333333
313516,11,5,0.6875
1542343,11,11,0.5
533049,11,10,0.5238095238095238
44853,11,16,0.4074074074074074
2191722,11,16,0.4074074074074074
1462718,11,12,0.4782608695652174
405492,11,7,0.6111111111111112
3138110,11,16,0.4074074074074074
1484017,11,12,0.4782608695652174
428665,11,6,0.6470588235294118
177784,11,14,0.44
489607,11,7,0.6111111111111112
436166,11,13,0.4583333333333333
775467,11,11,0.5
1172611,11,16,0.4074074074074074
2514942,11,10,0.5238095238095238
40066,11,7,0.6111111111111112
2977237,11,14,0.44
4112664,11,14,0.44
227313,11,12,0.4782608695652174
1800173,11,5,0.6875
265846,11,5,0.6875
708333,11,10,0.5238095238095238
358281,11,6,0.6470588235294118
4196778,11,4,0.7333333333333333
1251660,11,7,0.6111111111111112
166661,11,15,0.4230769230769231
708790,11,14,0.44
1534123,11,13,0.4583333333333333
60114,11,15,0.4230769230769231
103842,11,14,0.44
587121,11,8,0.5789473684210527
3598052,11,5,0.6875
1031175,11,9,0.55
610634,11,14,0.44
1004046,11,12,0.4782608695652174
82156,11,10,0.5238095238095238
1053182,11,6,0.6470588235294118
703693,11,8,0.5789473684210527
703382,11,10,0.5238095238095238
917336,11,13,0.4583333333333333
1906307,11,14,0.44
347777,11,6,0.6470588235294118
2258453,11,12,0.4782608695652174
2174556,11,5,0.6875
286149,11,2,0.8461538461538461
1505146,11,11,0.5
850848,11,15,0.4230769230769231
983949,11,12,0.4782608695652174
595833,11,2,0.8461538461538461
2098916,11,9,0.55
261887,11,15,0.4230769230769231
390513,11,15,0.4230769230769231
2203665,11,16,0.4074074074074074
2558344,11,10,0.5238095238095238
985012,11,3,0.7857142857142857
871043,11,8,0.5789473684210527
1482726,11,10,0.5238095238095238
2394933,11,11,0.5
2591240,11,16,0.4074074074074074
1415993,11,4,0.7333333333333333
152948,11,16,0.4074074074074074
326206,11,13,0.4583333333333333
1183284,11,6,0.6470588235294118
2650249,11,5,0.6875
443387,11,8,0.5789473684210527
2239897,11,13,0.4583333333333333
417065,11,9,0.55
694804,11,7,0.6111111111111112
1965189,11,10,0.5238095238095238
993366,11,12,0.4782608695652174
456135,11,15,0.4230769230769231
706836,11,12,0.4782608695652174
28557,11,13,0.4583333333333333
205494,11,16,0.4074074074074074
1594337,11,16,0.4074074074074074
100450,11,9,0.55
607050,11,9,0.55
1644401,11,9,0.55
203018,11,16,0.4074074074074074
1791574,11,13,0.4583333333333333
1174910,11,11,0.5
321366,11,6,0.6470588235294118
853599,11,10,0.5238095238095238
1141537,11,7,0.6111111111111112
261159,11,7,0.6111111111111112
254306,11,5,0.6875
1203489,11,13,0.4583333333333333
637545,11,15,0.4230769230769231
310001,11,10,0.5238095238095238
1012381,11,13,0.4583333333333333
7581,11,14,0.44
298689,11,9,0.55
2075839,11,12,0.4782608695652174
628499,11,10,0.5238095238095238
1981720,11,10,0.5238095238095238
563904,11,11,0.5
573261,11,10,0.5238095238095238
660143,11,12,0.4782608695652174
718972,11,15,0.4230769230769231
2307921,11,14,0.44
520779,11,15,0.4230769230769231
985210,11,12,0.4782608695652174
807797,11,15,0.4230769230769231
913935,11,13,0.4583333333333333
155362,11,13,0.4583333333333333
1030527,11,4,0.7333333333333333
554002,11,6,0.6470588235294118
2170192,11,15,0.4230769230769231
940834,11,16,0.4074074074074074
538837,11,4,0.7333333333333333
846180,11,4,0.7333333333333333
1288598,11,11,0.5
3396895,11,12,0.4782608695652174
1403954,11,10,0.5238095238095238
578615,11,11,0.5
1195197,11,16,0.4074074074074074
1368582,11,14,0.44
83253,11,9,0.55
1991579,11,14,0.44
296433,11,5,0.6875
156869,10,10,0.5
277811,10,10,0.5
681444,10,12,0.45454545454545453
1180686,10,4,0.7142857142857143
2570465,10,8,0.5555555555555556
1167355,10,4,0.7142857142857143
1213900,10,8,0.5555555555555556
961759,10,11,0.47619047619047616
4497253,10,10,0.5
281469,10,8,0.5555555555555556
969483,10,11,0.47619047619047616
1135548,10,6,0.625
329993,10,4,0.7142857142857143
1965599,10,1,0.9090909090909091
214790,10,6,0.625
2150274,10,13,0.43478260869565216
420001,10,8,0.5555555555555556
1921839,10,13,0.43478260869565216
599893,10,6,0.625
1835198,10,12,0.45454545454545453
1527284,10,12,0.45454545454545453
27528,10,13,0.43478260869565216
625189,10,13,0.43478260869565216
1939754,10,4,0.7142857142857143
3112331,10,9,0.5263157894736842
1970317,10,14,0.4166666666666667
261188,10,9,0.5263157894736842
912135,10,14,0.4166666666666667
1198474,10,10,0.5
433789,10,7,0.5882352941176471
476992,10,13,0.43478260869565216
1359391,10,12,0.45454545454545453
446963,10,10,0.5
1366455,10,8,0.5555555555555556
98978,10,7,0.5882352941176471
1966940,10,13,0.43478260869565216
859314,10,6,0.625
1321399,10,9,0.5263157894736842
1446005,10,12,0.45454545454545453
860212,10,13,0.43478260869565216
57827,10,13,0.43478260869565216
615754,10,6,0.625
2319179,10,4,0.7142857142857143
853836,10,5,0.6666666666666666
498048,10,12,0.45454545454545453
133840,10,14,0.4166666666666667
196963,10,6,0.625
809131,10,11,0.47619047619047616
2650960,10,10,0.5
897868,10,11,0.47619047619047616
224286,10,8,0.5555555555555556
1473446,10,13,0.43478260869565216
959631,10,0,1.0
742932,10,9,0.5263157894736842
3540564,10,8,0.5555555555555556
98713,10,9,0.5263157894736842
58997,10,7,0.5882352941176471
1143427,10,7,0.5882352941176471
1266551,10,10,0.5
683077,10,3,0.7692307692307693
400055,10,9,0.5263157894736842
1048087,10,7,0.5882352941176471
1262104,10,14,0.4166666666666667
578244,10,14,0.4166666666666667
4126968,10,8,0.5555555555555556
3004076,10,7,0.5882352941176471
337516,10,7,0.5882352941176471
2456113,10,14,0.4166666666666667
1326821,10,8,0.5555555555555556
1135305,10,13,0.43478260869565216
1145140,10,14,0.4166666666666667
1012,10,14,0.4166666666666667
3924118,10,13,0.43478260869565216
2272617,10,14,0.4166666666666667
2274471,10,3,0.7692307692307693
436938,10,11,0.47619047619047616
164602,10,9,0.5263157894736842
346336,10,11,0.47619047619047616
447842,10,13,0.43478260869565216
1262066,10,11,0.47619047619047616
3445248,10,10,0.5
722783,10,11,0.47619047619047616
459413,10,4,0.7142857142857143
1729869,10,6,0.625
2640693,10,8,0.5555555555555556
59058,10,9,0.5263157894736842
162407,10,6,0.625
375929,10,14,0.4166666666666667
392946,10,2,0.8333333333333334
1165922,10,0,1.0
1906584,10,13,0.43478260869565216
636579,10,6,0.625
1297670,10,10,0.5
57719,10,5,0.6666666666666666
84885,10,1,0.9090909090909091
2438110,10,10,0.5
282398,10,11,0.47619047619047616
1693859,10,12,0.45454545454545453
982852,10,7,0.5882352941176471
1996,10,14,0.4166666666666667
243245,10,7,0.5882352941176471
1795780,10,5,0.6666666666666666
648811,10,9,0.5263157894736842
3392484,10,5,0.6666666666666666
825411,10,9,0.5263157894736842
136954,10,14,0.4166666666666667
1097599,10,4,0.7142857142857143
134848,10,11,0.47619047619047616
1446466,10,14,0.4166666666666667
1153530,10,12,0.45454545454545453
2148284,10,12,0.45454545454545453
3524147,10,12,0.45454545454545453
352542,10,8,0.5555555555555556
1293755,10,1,0.9090909090909091
1488644,10,9,0.5263157894736842
870840,10,11,0.47619047619047616
1202968,10,13,0.43478260869565216
1332870,10,12,0.45454545454545453
880349,10,10,0.5
1873880,10,9,0.5263157894736842
2656234,10,4,0.7142857142857143
422080,10,14,0.4166666666666667
1431971,10,13,0.43478260869565216
907695,10,11,0.47619047619047616
2123154,10,9,0.5263157894736842
1164465,10,10,0.5
1948204,10,13,0.43478260869565216
807699,10,5,0.6666666666666666
2744095,10,12,0.45454545454545453
103568,10,11,0.47619047619047616
1199931,10,8,0.5555555555555556
3567830,10,1,0.9090909090909091
186429,10,13,0.43478260869565216
34148,10,13,0.43478260869565216
643565,10,8,0.5555555555555556
120820,10,14,0.4166666666666667
67927,10,13,0.43478260869565216
687021,10,12,0.45454545454545453
278223,10,9,0.5263157894736842
805031,10,14,0.4166666666666667
480431,10,10,0.5
176075,10,3,0.7692307692307693
913286,10,5,0.6666666666666666
2940056,10,14,0.4166666666666667
155626,10,7,0.5882352941176471
1103327,10,8,0.5555555555555556
4279,10,12,0.45454545454545453
2842067,10,2,0.8333333333333334
1006976,10,0,1.0
1279334,10,4,0.7142857142857143
79676,10,7,0.5882352941176471
197205,10,10,0.5
1865077,10,14,0.4166666666666667
1415732,10,10,0.5
754097,10,12,0.45454545454545453
23325,10,13,0.43478260869565216
42659,10,10,0.5
1071914,10,3,0.7692307692307693
3358186,10,14,0.4166666666666667
1281750,10,0,1.0
729460,10,1,0.9090909090909091
1051804,10,14,0.4166666666666667
455449,10,5,0.6666666666666666
104779,10,14,0.4166666666666667
231211,10,11,0.47619047619047616
1050015,10,13,0.43478260869565216
8912,10,4,0.7142857142857143
1083524,10,7,0.5882352941176471
626796,10,8,0.5555555555555556
51230,10,5,0.6666666666666666
1187415,10,1,0.9090909090909091
1585136,10,5,0.6666666666666666
617801,10,4,0.7142857142857143
20247,10,9,0.5263157894736842
136247,10,13,0.43478260869565216
1898811,10,13,0.43478260869565216
1393856,10,7,0.5882352941176471
563718,10,12,0.45454545454545453
350400,10,10,0.5
507043,10,4,0.7142857142857143
903163,10,12,0.45454545454545453
967203,10,14,0.4166666666666667
160378,10,14,0.4166666666666667
293439,10,12,0.45454545454545453
4301306,10,4,0.7142857142857143
1158361,10,8,0.5555555555555556
974485,10,2,0.8333333333333334
850138,10,8,0.5555555555555556
223092,10,6,0.625
343266,10,7,0.5882352941176471
1082734,10,13,0.43478260869565216
74894,10,5,0.6666666666666666
109112,10,13,0.43478260869565216
15498,10,13,0.43478260869565216
909361,10,14,0.4166666666666667
571433,10,2,0.8333333333333334
2235818,10,10,0.5
617964,10,11,0.47619047619047616
1422818,10,5,0.6666666666666666
264338,10,5,0.6666666666666666
271877,10,9,0.5263157894736842
146408,10,9,0.5263157894736842
499485,10,9,0.5263157894736842
1114575,10,13,0.43478260869565216
1696191,10,7,0.5882352941176471
650012,10,8,0.5555555555555556
3096310,10,8,0.5555555555555556
17876,10,14,0.4166666666666667
152661,10,13,0.43478260869565216
693765,10,12,0.45454545454545453
252840,10,4,0.7142857142857143
406435,10,2,0.8333333333333334
396732,10,7,0.5882352941176471
249571,10,6,0.625
1016891,10,0,1.0
1809978,10,3,0.7692307692307693
102939,10,7,0.5882352941176471
227615,10,7,0.5882352941176471
169781,10,10,0.5
1232131,10,9,0.5263157894736842
216374,10,11,0.47619047619047616
1251870,10,5,0.6666666666666666
174184,10,14,0.4166666666666667
918959,10,11,0.47619047619047616
931277,10,13,0.43478260869565216
2707251,10,8,0.5555555555555556
146006,10,8,0.5555555555555556
